_id,RegiUn,Provincia,Comuna,Localidad,Destino,Nombre Establecimiento,Calle,Numero,Otro,Rut,Fono Gerencia o Adm.,Web,Clase
1,,,,,,,,,,,,,
2,TARAPAC¡,IQUIQUE,IQUIQUE,IQUIQUE (P),Iquique,HENA SANDWICH BAR,CESPEDES Y GONZALEZ,717,-,10895250-4,57-414581,www.facebook.com/#!/henasandwichbar?fref=ts,RESTAURANTE
3,TARAPAC¡,IQUIQUE,IQUIQUE,IQUIQUE (P),Iquique,PASTELERIA Y CAFETERIA MUSELINA,Baquedano,1406,Con Riquelme,16467582-3,57-336492,www.muselina.cl,SALON DE TE O CAFE
4,TARAPAC¡,IQUIQUE,IQUIQUE,IQUIQUE (P),Iquique,RESTAURANT SUMAPURIWA,AV. ARTURO,1062 - BARRIO EL MORRO,-,12438093-6,57-417121,www.sumapuriwa.com,RESTAURANTE
5,TARAPAC¡,IQUIQUE,IQUIQUE,IQUIQUE (P),Iquique,RUTA DEL GIGANTE,BAQUEDANO,1288,CASA MATRIZ PANAMERICANA S/N,76103416-2,752065 - 475215,WWW.RUTADELGIGANTE.CL,RESTAURANTE
6,TARAPAC¡,TAMARUGAL,POZO ALMONTE,MAMI—A,-,RESTAURANT BACIAN - MAMI—A,CALLE IMAGUA,508,-,14106512-2,57-248608  //  57-248609,-,RESTAURANTE
7,ANTOFAGASTA,ANTOFAGASTA,ANTOFAGASTA,ANTOFAGASTA (P),Antofagasta,Exclusivo Josefa,Copiapo,891,-,7453247-0,497157,-,PUB
8,ANTOFAGASTA,ANTOFAGASTA,ANTOFAGASTA,ANTOFAGASTA (P),Antofagasta,Pub Clan-destinos,Avenida Angamos,1349,-,76104443-5,55-933129,www.clan-destinos.cl,RESTAURANTE
9,ANTOFAGASTA,ANTOFAGASTA,ANTOFAGASTA,ANTOFAGASTA (P),Antofagasta,TQUILA,JOS… MIGUEL CARRERA,1601,-,76382160-9,55- 548955,www.tquila.cl,RESTAURANTE
10,ANTOFAGASTA,ANTOFAGASTA,TALTAL,TALTAL (P),-,RESTAURANT CHIFA SUY MAY,ESMERALDA,671,-,6318106-4,55- 611625,-,RESTAURANTE
11,ANTOFAGASTA,ANTOFAGASTA,TALTAL,TALTAL (P),-,RESTAURANT SAN JOSE,RAMIREZ,345,-,8166625-3,55- 611729,-,RESTAURANTE
12,ANTOFAGASTA,EL LOA,CALAMA,CALAMA (P),El Loa y Calama,Pub Bar Socaire de Park Hotel Calama,Alcalde Jose Lira,1392,-,96523950-2,055-715800,www.parkcalama.cl,BAR
13,ANTOFAGASTA,EL LOA,CALAMA,CALAMA (P),El Loa y Calama,Restaurante Las Parinas,Alcalde Jose Lira,1392,-,96523950-2,055-715800,www.parkcalama.cl,RESTAURANTE
14,ANTOFAGASTA,EL LOA,OLLAG‹E,OLLAG‹E,-,RESTAURANTE EL CUERVO,TENIENTE MERINO,1,-,7372005-2,98592501,-,RESTAURANTE
15,ANTOFAGASTA,EL LOA,OLLAG‹E,OLLAG‹E,-,RESTAURANT PAY TAMBO,O'HIGGINS,S/N,-,5065730-2,78361504,-,RESTAURANTE
16,ANTOFAGASTA,EL LOA,SAN PEDRO DE ATACAMA,SAN PEDRO DE ATACAMA,San Pedro de Atacama,EL CHARR⁄A,TOCOPILLA,442,-,14300967-K,55- 851443,-,COMIDA RAPIDA
17,ANTOFAGASTA,EL LOA,SAN PEDRO DE ATACAMA,SAN PEDRO DE ATACAMA,San Pedro de Atacama,…tnico club del vino,Tocopilla,423,-,14733237-8,77415534,-,RESTAURANTE
18,ANTOFAGASTA,EL LOA,SAN PEDRO DE ATACAMA,SAN PEDRO DE ATACAMA,San Pedro de Atacama,RESTAURANT AYLLU.CL,TOCONAO,479,-,13247609-8,55- 592781,www.ayllu.cl,RESTAURANTE
19,ANTOFAGASTA,EL LOA,SAN PEDRO DE ATACAMA,SAN PEDRO DE ATACAMA,San Pedro de Atacama,RESTAURANT BALTINACHE,DOMINGO ATIENZA,2 SECTOR LARACHE,-,4981282-5,-,-,RESTAURANTE
20,ANTOFAGASTA,EL LOA,SAN PEDRO DE ATACAMA,SAN PEDRO DE ATACAMA,San Pedro de Atacama,RESTAURANT PAACHA,DOMINGO ATIENZA,452,-,96765530-9,55-851030,WWW.KIMAL.CL,RESTAURANTE
21,ANTOFAGASTA,EL LOA,SAN PEDRO DE ATACAMA,SAN PEDRO DE ATACAMA,San Pedro de Atacama,restaurant pacha-kona,calle caracoles,163,-,96765530-9,55-852166,-,RESTAURANTE
22,ATACAMA,COPIAP”,COPIAPO,COPIAP” (P),Copiapo y Volc·n Ojos del Salado,PIZZA PIERO,GANA,451,-,15068698-9,(052) 524910,-,RESTAURANTE
23,ATACAMA,COPIAP”,COPIAPO,COPIAP” (P),Copiapo y Volc·n Ojos del Salado,RESTAURANT MIRAMONTI,Ramon Freire,731,-,78791110-2,52-210440,www.miramonti.cl,RESTAURANTE
24,ATACAMA,COPIAP”,CALDERA,BAHÕA INGLESA,Parque Nacional Pan de Azucar y BahÕa Inglesa,Hotel y Restaurante Coral de Bahia Inglesa,Avda. El Morro,564,-,5997219-7,319160,-,RESTAURANTE
25,ATACAMA,COPIAP”,CALDERA,BAHÕA INGLESA,Parque Nacional Pan de Azucar y BahÕa Inglesa,RESTAURANT DEL DEBERE,AV. EL MORRO,888,-,78791110-2,-,www.rocasdebahia.cl,RESTAURANTE
26,ATACAMA,COPIAP”,CALDERA,CALDERA,Parque Nacional Pan de Azucar y BahÕa Inglesa,El Grandioso,Edwards,547,-,5093259-1,981603234,-,RESTAURANTE
27,ATACAMA,COPIAP”,CALDERA,CALDERA,Parque Nacional Pan de Azucar y BahÕa Inglesa,RZ & RZ La Casa de La Empanada,Atacama,884,-,11313927-7,52-315972,-,PICADA
28,ATACAMA,CHA—ARAL,CHA—ARAL,CHA—ARAL,-,ARTERRA RESTAURANT BUFFET,Avda Diego de Almeyda,305,Pueblito Artesanal,13173322-4,74892730,-,RESTAURANTE
29,COQUIMBO,ELQUI,LA SERENA,LA SERENA,la Serena y Coquimbo,AGUAMAR,AVENIDA DEL MAR,2200,-,88519000-6,216630,www.hotelcantodelmar.cl,RESTAURANTE
30,COQUIMBO,ELQUI,LA SERENA,LA SERENA,la Serena y Coquimbo,CAFE ARTE BOCETTO,Balmaceda,432,8-B,76194714-1,051-229163,www.facebook.com/cafebocetto,SALON DE TE O CAFE
31,COQUIMBO,ELQUI,LA SERENA,LA SERENA,la Serena y Coquimbo,La Terraza del Faro,Avenida Francisco de Aguirre,660,-,12156866-7,83589370 - 66458603,-,RESTAURANTE
32,COQUIMBO,ELQUI,LA SERENA,LA SERENA,la Serena y Coquimbo,RESTAURANT NUEVO PEREGRINO,ANDRES BELLO,886,-,9335561-K,(51) 483519,-,RESTAURANTE
33,COQUIMBO,ELQUI,LA SERENA,LA SERENA,la Serena y Coquimbo,SEA ZEN,AVENIDA JUAN CISTERNAS,2495,BOULEVARD CAY⁄,76059152-1,(51) 641664/ (09) 8873387,-,RESTAURANTE
34,COQUIMBO,ELQUI,COQUIMBO,COQUIMBO (P),la Serena y Coquimbo,BISTRO DEL ELQUI,AVENIDA COSTANERA,3785,-,76210789-9,83039346,-,RESTAURANTE
35,COQUIMBO,ELQUI,COQUIMBO,COQUIMBO (P),la Serena y Coquimbo,Kinien Bar,Aldunate,514,Barrio InglÈs,76167741-1,08-2393018  /  051-313723,www.kinien.cl,BAR
36,COQUIMBO,ELQUI,COQUIMBO,GUANAQUEROS,la Serena y Coquimbo,RESTAURANT EL PEQUE—O,AVENIDA GUANAQUEROS,2315,-,77386750-k,(51) 395341,www.elpequeno.cl,RESTAURANTE
37,COQUIMBO,ELQUI,COQUIMBO,PE—UELAS,la Serena y Coquimbo,"TAXTUR (COMIDAS, COLACIONES, COCTELES PARA EVENTOS A DOMICILIO)",PASAJE BRAULIO ARENAS ORIENTE,470,-,14667540-9,(51) 239048 / (09) 2556901,-,COCINERIA
38,COQUIMBO,ELQUI,ANDACOLLO,ANDACOLLO,-,COMIDA RAPIDA GROSSO,Urmeneta,600,-,8156544-9,(06) 8171450,-,COMIDA RAPIDA
39,COQUIMBO,ELQUI,LA HIGUERA,CALETA HORNOS,-,RESTAURANT ENTRE ROCAS,CALETA  LOS HORNOS ,S/N,SECTOR MUELLE,5495621-5,(09) 2816735,-,RESTAURANTE
40,COQUIMBO,ELQUI,LA HIGUERA,CALETA HORNOS,-,RESTAURANT PUESTA DE SOL,CALETA HORNOS S/N,SITIO 3,-,10984815-8,(08) 3106801,-,RESTAURANTE
41,COQUIMBO,ELQUI,LA HIGUERA,CALETA HORNOS,-,RINCON PORTE—O,CALETA HORNOS,S/N,-,5834924-0,(09) 2657152,-,RESTAURANTE
42,COQUIMBO,ELQUI,PAIHUANO,PAIHUANO (P),-,"DONDE JUANITO, PRIMERO",LA CONCHINA,S/N,-,12055437-9,(08) 5118040,-,RESTAURANTE
43,COQUIMBO,ELQUI,PAIHUANO,PAIHUANO (P),-,RESTAURANT BERTO'S,BALMACEDA,153,-,53311494-6,(51) 451087/ (09) 4458218,-,FUENTE DE SODA
44,COQUIMBO,ELQUI,PAIHUANO,HORC”N,-,Las Terrazas de DoÒa Mely,Horcon Bajo,sin numero,-,9778258-k,85940057,-,RESTAURANTE
45,COQUIMBO,ELQUI,VICU—A,VICU—A (P),Valle de Elqui,EMPANADIUM DEL NORTE CHILENO,CHACABUCO,237,CENTRO,5023903-9,-,www.empanadiumdelnortechileno.cl,RESTAURANTE
46,COQUIMBO,ELQUI,VICU—A,VICU—A (P),Valle de Elqui,Transgarden,Chacabuco,899,-,76610210-7,09-6249766,www.lastinajasdelelqui.cl,RESTAURANTE
47,COQUIMBO,CHOAPA,ILLAPEL,ILLAPEL (P),-,Roma Restobar,Constitucion,231,-,15785166-7,053-524168,-,RESTAURANTE
48,COQUIMBO,CHOAPA,LOS VILOS,LOS VILOS (P),Los Vilos y Pichidangui,Lincontro Restaurante,Panamericana Norte,km 215,-,78162420-9,995533100,www.lincontro.cl,RESTAURANTE
49,COQUIMBO,CHOAPA,SALAMANCA,SALAMANCA (P),-,RESTAURANT TEBAL,EL TEBAL,S/N,-,7179088-6,(07) 9647347,-,RESTAURANTE
50,VALPARAÕSO,VALPARAÕSO,VALPARAISO,VALPARAÕSO,"ValparaÌso, ViÒa del Mar y Concon",CAFE PASEO,PLAZA ANIBAL PINTO,1167,-,76283410-3,32 2237524,-,SALON DE TE O CAFE
51,VALPARAÕSO,VALPARAÕSO,VALPARAISO,VALPARAÕSO,"ValparaÌso, ViÒa del Mar y Concon",casa de cerro,FERRARI,402/406,CERRO BELLAVISTA,76052221-k,3271648,www.ferrari406.cl,RESTAURANTE
52,VALPARAÕSO,VALPARAÕSO,VALPARAISO,VALPARAÕSO,"ValparaÌso, ViÒa del Mar y Concon",Espiritu Santo Restaurant,HECTOR CALVO,392,CERRO BELLAVISTA,76069521-1,3270443,www.hosteriaespiritusanto.cl,RESTAURANTE
53,VALPARAÕSO,VALPARAÕSO,VALPARAISO,VALPARAÕSO,"ValparaÌso, ViÒa del Mar y Concon",PURO CAFE,CALLE EDWARDS,301,LOCAL,76650070-6,2450341,www.purocafe.cl,SALON DE TE O CAFE
54,VALPARAÕSO,VALPARAÕSO,VALPARAISO,VALPARAÕSO,"ValparaÌso, ViÒa del Mar y Concon",Restaurant Di Vino,Paseo Gervasoni,1,-,77791760-9,2111043  / 2239236,www.hotelgervasoni.com,RESTAURANTE
55,VALPARAÕSO,VALPARAÕSO,VALPARAISO,VALPARAÕSO,"ValparaÌso, ViÒa del Mar y Concon",RESTAURANT O'HIGGINS VALPARAISO,VICTORIA,2788,-,77000780-1,32-2210882,www.restaurantohiggins.cl,RESTAURANTE
56,VALPARAÕSO,VALPARAÕSO,CONCON,CONC”N,"ValparaÌso, ViÒa del Mar y Concon",RESTAURANT O'HIGGINS CONCON,LOS CEREZOS,830,-,77000780-1,-,-,RESTAURANTE
57,VALPARAÕSO,VALPARAÕSO,PUCHUNCAVI,MAITENCILLO (P),Papudo Quintero,NEWEN RESTAURANT,AVENIDA DEL MAR,3600,-,76057225-k,2772440,www.altamaraparthotel.cl,RESTAURANTE
58,VALPARAÕSO,VALPARAÕSO,PUCHUNCAVI,MAITENCILLO (P),Papudo Quintero,RESTAURANT EL MIRADOR,KM 35 CAMINO CONC”N ZAPALLAR,S/N,-,99589650-8,32-2772020,www.marbella.cl,RESTAURANTE
59,VALPARAÕSO,VALPARAÕSO,VI—A DEL MAR,GRAN VALPARAÕSO (P),"ValparaÌso, ViÒa del Mar y Concon",Bar Gala,Arlegui con TraslaviÒa,273,273,96650630-k,2321500,www.hotelgala.cl,BAR
60,VALPARAÕSO,VALPARAÕSO,VI—A DEL MAR,GRAN VALPARAÕSO (P),"ValparaÌso, ViÒa del Mar y Concon",Nubes Bar,8 Norte 579,579,-,76110650-3,2696820,http://cl.loogares.com/lugar/restaurante-nubes-valparaiso-vina-del-mar,RESTAURANTE
61,VALPARAÕSO,VALPARAÕSO,VI—A DEL MAR,GRAN VALPARAÕSO (P),"ValparaÌso, ViÒa del Mar y Concon",Restaurant Hotel Gala,Arlegui 273,273,-,96650630-k,2321500,galahotel@galahotel.cl,RESTAURANTE
62,VALPARAÕSO,ISLA DE PASCUA,ISLA DE PASCUA,HANGA ROA,Isla de Pascua,miro restobar,policarpo toro,s/n,-,15910806-6,-,-,RESTAURANTE
63,VALPARAÕSO,ISLA DE PASCUA,ISLA DE PASCUA,HANGA ROA,Isla de Pascua,Puga ehu vaikava,caleta hanga piko,s/n,otro,5840023-8,90725241 - 56220195,-,RESTAURANTE
64,VALPARAÕSO,ISLA DE PASCUA,ISLA DE PASCUA,HANGA ROA,Isla de Pascua,Restaurante Tararaina,Av. Atamu Tekena,s/n,-,6891410-8,09-82636795 -  032- 2551240,-,RESTAURANTE
65,VALPARAÕSO,ISLA DE PASCUA,ISLA DE PASCUA,HANGA ROA,Isla de Pascua,RESTAURANT LA KALETA,POLICARPO TORO,S/N,Caleta Hanga roa,6579401-2,32-2-552244,-,RESTAURANTE
66,VALPARAÕSO,PETORCA,PAPUDO,PAPUDO,Papudo Quintero,MAMMA MIA,FERNANDEZ CONCHA,225,CENTRO,15318732-0,68299248,-,RESTAURANTE
67,VALPARAÕSO,PETORCA,PAPUDO,PAPUDO,Papudo Quintero,MINIMERCADO CUETO AL PASO,EL PEUMO,935,PAPUDO CENTRO,15318732-0,68299248,-,BAR
68,VALPARAÕSO,PETORCA,ZAPALLAR,ZAPALLAR (P),Papudo Quintero,ISLA SECA,CAMINO COSTERO RUTA F-30,31,-,76082124-1,-,-,RESTAURANTE
69,VALPARAÕSO,PETORCA,ZAPALLAR,LA LAGUNA,Papudo Quintero,LA PIC¡ DE LA FLORA,AVDA. CARLOS LEON BRICE—O,400,-,78627050-2,032 2771575,lapicadelaflora.cl,RESTAURANTE
70,VALPARAÕSO,QUILLOTA,HIJUELAS,HIJUELAS (P),Parque Nacional La Campana,DANNY,MANUEL RODRIGUEZ,1619,-,6541120-2,-,-,FUENTE DE SODA
71,VALPARAÕSO,SAN ANTONIO,SAN ANTONIO,LLOLLEO (P),Isla Negra y San Antonio,FOGON DE LLOLLEO,AV. PROVIDENCIA,157,-,7745563-9,93319282,-,RESTAURANTE
72,VALPARAÕSO,SAN ANTONIO,ALGARROBO,TUNQU…N,Isla Negra y San Antonio,La Mirage Parador ltda,Camino a TunquÈn,s/n,-,76079064-8,09-0344555,www.lamirage.cl,RESTAURANTE
73,VALPARAÕSO,SAN ANTONIO,CARTAGENA,CARTAGENA,Isla Negra y San Antonio,Fa-fra,av. playa chica,233,-,7281559-9,035 451694,-,RESTAURANTE
74,VALPARAÕSO,SAN ANTONIO,EL QUISCO,EL QUISCO,Isla Negra y San Antonio,El rincon de los 80,isidoro dubornais,4180,x,10437695-9,9-5905174,-,RESTAURANTE
75,VALPARAÕSO,SAN ANTONIO,EL QUISCO,EL QUISCO,Isla Negra y San Antonio,NiKolao,Isidoro Duburnais,515,-,9585575-k,78554485,-,PUB
76,VALPARAÕSO,SAN ANTONIO,EL QUISCO,EL TOTORAL,Isla Negra y San Antonio,Restaurant El Mirador,calle San jose del rincon,parcela N∞8,-,4992227-2,96815998,-,RESTAURANTE
77,VALPARAÕSO,SAN ANTONIO,EL TABO,EL PERAL,Isla Negra y San Antonio,las delicias del peral,ruta g 98-f,parcela 52,-,14431735-1,035-439112 / 86109351,-,RESTAURANTE
78,VALPARAÕSO,SAN FELIPE DE ACONCAGUA,SANTA MARIA,SANTA MARÕA (P),-,A DONDE LA TITA,ALMIRANTE LATORRE,961,-,8271818-4,88604726,-,COCINERIA
79,VALPARAÕSO,MARGA MARGA,LIMACHE,LIMACHE (P),-,EL CORTIJO,ANDRES BELLO,120,-,76008946-k,09-81357878,www.cortijo.cl,RESTAURANTE
80,VALPARAÕSO,MARGA MARGA,OLMUE,OLMUE (P),Parque Nacional La Campana,HOSTERIA Y SPA LLANOREAL,ESMERALDA,2401,PARADERO 19,77534830-5,33-442479,www.llanoreal.cl,RESTAURANTE
81,VALPARAÕSO,MARGA MARGA,OLMUE,OLMUE (P),Parque Nacional La Campana,parrilladas argentinas el che fabian,av.granizo,7940,-,21278839-2,033-442464 /441291,-,RESTAURANTE
82,VALPARAÕSO,MARGA MARGA,QUILPUE,GRAN VALPARAISO (P),-,Gatodemadera,Los Carrera,639,-,10681976-9,-,-,RESTAURANTE
83,VALPARAÕSO,MARGA MARGA,QUILPUE,LOS MOLLES,-,Sol Y Luna,Camino Lo Orozco Parcela A-12,Kilometro 23,-,12624610-2,09-77760906,-,RESTAURANTE
84,LIB. GRAL. B. O'HIGGINS,CACHAPOAL,RANCAGUA,RANCAGUA (P),Rancagua y Valle del Cachapoal,BACCO LIMITADA,Alcazar,445,-,76204974-0,533259,www.bacco.cl,RESTAURANTE
85,LIB. GRAL. B. O'HIGGINS,CACHAPOAL,MACHALI,MACHALÕ (P),-,LOS HORNITOS DEL COBRE,CARRETERA EL COBRE KM10 1/2,31,-,8705395-4,(72) 412405,-,RESTAURANTE
86,LIB. GRAL. B. O'HIGGINS,CARDENAL CARO,PICHILEMU,PICHILEMU,Pichilemu,BALAUSTRO,AVENIDA ORTUZAR,289,-,77082260-2,(09) 86693401,-,RESTAURANTE
87,LIB. GRAL. B. O'HIGGINS,CARDENAL CARO,PICHILEMU,PICHILEMU,Pichilemu,CAFE RESTAURANT EL MIRADOR,AVENIDA COSTANERA,826,-,4324633-k,(72) 841393 / 9-5659782,-,RESTAURANTE
88,LIB. GRAL. B. O'HIGGINS,CARDENAL CARO,PICHILEMU,PICHILEMU,Pichilemu,"CARRO DE BOMBEROS, PUNTA DE LOBOS",CALLE PUNTA DE LOBOS,S/N,-,12641308-4,(09) 83192928,-,COMIDA RAPIDA
89,LIB. GRAL. B. O'HIGGINS,CARDENAL CARO,PICHILEMU,PICHILEMU,Pichilemu,CASA ROJA ,ORTUZAR,215,ESQUINA FEDERICO ERRAZURIZ,13829402-1,(72) 841555,www.casaroja.cl,RESTAURANTE
90,LIB. GRAL. B. O'HIGGINS,CARDENAL CARO,PICHILEMU,PICHILEMU,Pichilemu,HOSTERIA LA GLORIA,JOSE JOAQUIN PRIETO,980,-,2030909-1,(72) 841052,www.lagloria.cl ,RESTAURANTE
91,LIB. GRAL. B. O'HIGGINS,CARDENAL CARO,PICHILEMU,PICHILEMU,Pichilemu,LA PICA DEL NEGRO I,JOSE JOAQUIN PRIETO,389,ESQUINA MANUEL MONTT,9322992-4,072-842830,krotwenty5@hotmail.com,RESTAURANTE
92,LIB. GRAL. B. O'HIGGINS,CARDENAL CARO,PICHILEMU,PICHILEMU,Pichilemu,ORIGEN BAR RESTAURANT,AVENIDA EUGENIO DIAZ LIRA,195,-,76145601-6,(09) 94194883,-,RESTAURANTE
93,LIB. GRAL. B. O'HIGGINS,CARDENAL CARO,PICHILEMU,PICHILEMU,Pichilemu,PUB RESTAURANTE WAITARA,AVENIDA COSTANERA,1039,-,77888640-5,(72) 843026,www.waitara.cl,RESTAURANTE
94,LIB. GRAL. B. O'HIGGINS,CARDENAL CARO,PICHILEMU,PICHILEMU,Pichilemu,PUENTE HOLANDES,EUGENIO DIAZ LIRA,167,-,13571772-k,(09) 92709555,www.surfhostal.com,RESTAURANTE
95,LIB. GRAL. B. O'HIGGINS,CARDENAL CARO,PICHILEMU,PICHILEMU,Pichilemu,RESTAURANTE LA PICA DEL NEGRO II,JOSE JOAQUIN PRIETO,382,-,9322992-4,(72) 842830,-,RESTAURANTE
96,LIB. GRAL. B. O'HIGGINS,CARDENAL CARO,PICHILEMU,PICHILEMU,Pichilemu,SECRETO,EUGENIO DIAZ LIRA,139,-,76083439-4,(09) 98185141,www.secretopichilemu.cl,RESTAURANTE
97,LIB. GRAL. B. O'HIGGINS,CARDENAL CARO,PICHILEMU,PICHILEMU,Pichilemu,WAITARA PUB DISCOTEQUE,AVENIDA COSTANERA,1039,-,77888640-5,(72) 843026,www.waitara.cl,DISCOTECA
98,LIB. GRAL. B. O'HIGGINS,CARDENAL CARO,NAVIDAD,LA BOCA,-,RESTAURANT,AV. EL BOSQUE,402,-,3456981-9,87839592,-,RESTAURANTE
99,LIB. GRAL. B. O'HIGGINS,CARDENAL CARO,NAVIDAD,MATANZAS (P),-,RESTAURANT OLAS DE MATANZAS,"LOTE E FUNDO SAN LUIS, LAGUNILLAS MATANZAS",S/N,-,78727110-3,96434809,www.omz.cl,RESTAURANTE
100,LIB. GRAL. B. O'HIGGINS,COLCHAGUA,SAN FERNANDO,SAN FERNANDO (P),-,RIGOLETTO,AV. MANUEL RODRIGUEZ,751,-,77584570-8,(72) 711346,www.rigoletto.cl,RESTAURANTE
101,LIB. GRAL. B. O'HIGGINS,CACHAPOAL,SAN VICENTE,SAN VICENTE DE TAGUATAGUA (P),-,DEGRANO CAFE,CARMEN GALLEGOS,350,"LOCAL 2, EDIFICIO DON JULIO",76238505-8,54086357,www.degrano.cl,FUENTE DE SODA
102,LIB. GRAL. B. O'HIGGINS,CACHAPOAL,SAN VICENTE,SAN VICENTE DE TAGUATAGUA (P),-,ESTABLECIMIENTOS EL PORTALON,GERMAN RIESCO,900,-,76013336-1,76283649,www.elportalon.cl ,FUENTE DE SODA
103,LIB. GRAL. B. O'HIGGINS,CACHAPOAL,SAN VICENTE,SAN VICENTE DE TAGUATAGUA (P),-,LA PICADA DE LUCHITO,AVENIDA ESPA—A,895-A,-,9713959-8,7-7382889,-,PICADA
104,LIB. GRAL. B. O'HIGGINS,CACHAPOAL,SAN VICENTE,SAN VICENTE DE TAGUATAGUA (P),-,MAKTUB RESTOBAR,LUIS BROWN,64,-,14270195-2,8-8320143,-,RESTAURANTE
105,LIB. GRAL. B. O'HIGGINS,CACHAPOAL,SAN VICENTE,SAN VICENTE DE TAGUATAGUA (P),-,PATELERIA LAS HERMANAS,GENERAL VELASQUEZ,2,-,8832719-5,(72) 572557,-,SALON DE TE O CAFE
106,LIB. GRAL. B. O'HIGGINS,COLCHAGUA,SANTA CRUZ,SANTA CRUZ (P),Valle de Colchagua,Paper's Brothers Beer,Orlando Diaz Besoain,350,-,76157381-0,95462071,www.papersbar.cl,RESTAURANTE
107,LIB. GRAL. B. O'HIGGINS,COLCHAGUA,SANTA CRUZ,CUNAQUITO,Valle de Colchagua,CAFE DE LA VI—A,Carretera del Vino  KM 37 ViÒa Viu Manent,S/N,-,83202400-7,02 8403180,www.viumanent.cl,SALON DE TE O CAFE
108,LIB. GRAL. B. O'HIGGINS,COLCHAGUA,SANTA CRUZ,CUNAQUITO,Valle de Colchagua,Rayuela Wine & Grill,Carretera del Vino  KM 37 ViÒa Viu Manent,S/N,-,83202400-7,02 8403180,www.viumanent.cl,RESTAURANTE
109,MAULE,TALCA,TALCA,TALCA (P),Talca,DIAGONAL CERO,1 PONIENTE,N∫ 1231,-,76118347-8,71-311829,-,SALON DE TE O CAFE
110,MAULE,TALCA,TALCA,TALCA (P),Talca,EL FOG”N TOSCANO,"PARCELA LOTE 7-8 Y 9 SANTA CORINA, KILOMETRO 247 RUTA 5 SUR A 300 METROS AL SUR DE EMBOTELLADORA COCA-COLA.",S/N,-,76175171-9,09-87780917  Û  09-85473270,www.elfogontoscano.cl,RESTAURANTE
111,MAULE,TALCA,TALCA,TALCA (P),Talca,ESCRUPULOS,1 NORTE ISIDORO DEL SOLAR,5,-,8156917-7,09-94538794   Û   71-710399,-,RESTAURANTE
112,MAULE,TALCA,TALCA,TALCA (P),Talca,LA TERRAZA RESTORANT Y COCINERÕA,11 ORIENTE,N∫ 1473,-,8573604-3,71-313009,-,PICADA
113,MAULE,TALCA,TALCA,TALCA (P),Talca,RESTORANT LAS LE—AS,AV. ISIDORO DEL SOLAR,N∫ 38,-,76118757-0,71-311829,-,RESTAURANTE
114,MAULE,TALCA,TALCA,TALCA (P),Talca,SAINT CYR,3 ORIENTE ESQUINA 1 SUR,1130,-,76101683-0,071-615940 Û 09-85957625,www.saintcyr.cl,SALON DE TE O CAFE
115,MAULE,TALCA,CONSTITUCION,CONSTITUCI”N (P),Costa del Maule,CAFE  BAR RAPANUI,cruz,402,-,4537869-1,09-91405768,-,BAR
116,MAULE,TALCA,MAULE,UNIHUE (P),-,CAF… LE MOULIN,"EL MOLINO DE UNIHUE, LOTE",20,-,14633093-2,84480651,https://www.facebook.com/pages/Caf%C3%A9-Le-Moulin/196522963773884,SALON DE TE O CAFE
117,MAULE,TALCA,PELARCO,PELARCO,-,Museo Restorant y Hotel de Campo,Domingo Leal Esquina Calle San Pedro,s/n,-,8152876-4,09-84184454 Û  09-78632569 Û 77951740,-,RESTAURANTE
118,MAULE,TALCA,PENCAHUE,GONZ¡LEZ BASTÕAS,-,DO—A MARIANELA,GONZALES BASTIAS,S/N,-,7228799-1,09-89928191  Û  71-1973041,-,RESTAURANTE
119,MAULE,TALCA,RIO CLARO,CUMPEO,-,RESTAURANT YAYITA ESTILO,LOS CERRILLOS PARCELA,2,-,7847302-9,09-77649938,-,RESTAURANTE
120,MAULE,TALCA,SAN CLEMENTE,SAN CLEMENTE (P),-,MUERTO DE HAMBRE-RESTOBAR,alejandro cruz,17,-,13611898-6,09-91366085,www.muertodehambre.cl,RESTAURANTE
121,MAULE,TALCA,SAN CLEMENTE,SAN CLEMENTE (P),-,RESTAURANT NEUQUEN,HUAMACHUCO,712,-,14496658-9,-,-,RESTAURANTE
122,MAULE,TALCA,SAN CLEMENTE,VILCHES ALTO,-,COCINERIA EL RAYADITO,VILCHES ALTO,S/N,-,12786019-k,09-77804367,-,COCINERIA
123,MAULE,TALCA,SAN CLEMENTE,VILCHES ALTO,-,REFUGIO GALO,VILCHES ALTOS,S/N,-,7763306-5,09-94384351   Û   02-1960619,-,RESTAURANTE
124,MAULE,TALCA,SAN CLEMENTE,BRAMADERO (P),-,Espacio Verde,Bramadero,sitio 29,-,9556726-6,071 / 1970495,-,COMIDA RAPIDA
125,MAULE,TALCA,SAN CLEMENTE,EL COLORADO,-,RESTAURANTE BORDE LAGO,PARCELA 13 A Y 13 B,S/N,-,5143163-4,09-88087024,www.marinadellago.cl,RESTAURANTE
126,MAULE,CAUQUENES,PELLUHUE,PELLUHUE (P),Costa del Maule,KIOSKO EL NEGRITO,CONDELL,650,-,11768096-7,09-93779685,-,COMIDA RAPIDA
127,MAULE,CAUQUENES,PELLUHUE,PELLUHUE (P),Costa del Maule,PUB-RESTAURANT MARIMAR,ARTURO PRAT,S/N,-,12317833-5,09-88147503,-,RESTAURANTE
128,MAULE,CAUQUENES,PELLUHUE,CURANIPE,-,HOSTERIA LAS ROCAS,CAMINO PELLUHUE CURANIPE,S/N,-,4194802-7,09-63096096,-,RESTAURANTE
129,MAULE,CAUQUENES,PELLUHUE,CURANIPE,-,RESTAURANTE LUCERNA II,ARTURO PRAT,217,-,6548508-7,73-556007 Û 73-556141,www.turismomaule.cl,RESTAURANTE
130,MAULE,CURIC”,CURICO,CURIC” (P),CuricÛ y Reserva Radal 7 tazas,CAFE CRIOLLO,ESTADO,450,local 109 y 111,14499323-3,09-82330538,-,SALON DE TE O CAFE
131,MAULE,CURIC”,CURICO,CURIC” (P),CuricÛ y Reserva Radal 7 tazas,ENTRE AMIGOS RESTORAN,CAMILO HERNRÕQUEZ,210,-,53301680-4,09-79840704,-,RESTAURANTE
132,MAULE,CURIC”,CURICO,ZAPALLAR,CuricÛ y Reserva Radal 7 tazas,RESTAURANTE BRASAS DE ZAPALLAR,CAMINO ZAPALLAR,S/N,-,6945797-5,09-98180609,-,RESTAURANTE
133,MAULE,CURIC”,LICANTEN,DUAO,-,BRAVOS BAR,DUAO,3622,-,5976949-9,09-79957648   Û    75-1975474,-,RESTAURANTE
134,MAULE,CURIC”,LICANTEN,DUAO,-,COMPLEJO TURÕSTICO ANTUKUYEN,Camino P˙blico Duao,2500,-,76128091-0,09-98838700,www.antukuyen.cl,RESTAURANTE
135,MAULE,CURIC”,LICANTEN,DUAO,-,EL ARCA DEL PACÕFICO,DUAO,S/N,-,9873546-1,09-82857757,-,RESTAURANTE
136,MAULE,CURIC”,LICANTEN,ILOCA,-,EL ALERO DE AGUSTIN BESOAIN,AVENIDA BESOAIN ,248 B,-,10200432-9,09-96134729,www.elalerodeagustinbesoain.cl,RESTAURANTE
137,MAULE,CURIC”,LICANTEN,ILOCA,-,RESTAURANTE PLAYA MAR,RANCURA LA VEGA LOTE A,S/N,-,10870633-3,09-62161430,-,PICADA
138,MAULE,CURIC”,LICANTEN,ILOCA,-,RESTAURANT LA SIRENITA,AVDA. BESOAIN,452-A,-,4549000-9,09-86880097,-,RESTAURANTE
139,MAULE,CURIC”,LICANTEN,ILOCA,-,RESTAURANT MAREJADA,ruta j-60 km116,S/N,-,76121834-4,-,www.marejada.cl,RESTAURANTE
140,MAULE,CURIC”,MOLINA,MOLINA (P),CuricÛ y Reserva Radal 7 tazas,ALEROS DE MOLINA,AV. LUIS CRUZ MARTINEZ,N∫ 1947,-,76817780-5,-,-,RESTAURANTE
141,MAULE,CURIC”,ROMERAL,LOS QUE—ES (P),-,HOSTERIA LOS QUE—ES,CAMINO LOS QUE—ES KM,36,-,76061186-7,09-95133193  Û  09-84475186,www.hosterialosquenes.cl,RESTAURANTE
142,MAULE,CURIC”,SAGRADA FAMILIA,LO VALDIVIA,-,COMPLEJO TURISTICO ANTY-YANKA,"LA PALMA, LO VALDIVIA",S/N,-,76069176-3,09-92494253,-,PUB
143,MAULE,CURIC”,SAGRADA FAMILIA,LO VALDIVIA,-,COMPLEJO TURISTICO ANTY-YANKA,"LA PALMA, LO VALDIVIA",S/N,-,76069176-3,09-92494253,-,RESTAURANTE
144,MAULE,CURIC”,VICHUQUEN,LAS JUNTAS,-,LA PERGOLA,Camino VichuquÈn - Aquelarre Km. 3,S/N,-,3874673-1,9-5103976,-,RESTAURANTE
145,MAULE,LINARES,LINARES,LINARES (P),Linares y Cordillera de Melado,KOMO EN KASA,MAIPU,445-B,-,7178487-8,73-217893,-,RESTAURANTE
146,MAULE,LINARES,LINARES,LINARES (P),Linares y Cordillera de Melado,LOS ADOBES RESTAURANT,SAN MARTÕN,680,-,12963136-8,73-225022,-,RESTAURANTE
147,MAULE,LINARES,LINARES,LINARES (P),Linares y Cordillera de Melado,MALAGA APART HOTEL,Longitudinal Sur Km 301 (Ruta 5 Sur),Km 301 Ruta 5 sur,-,83912200-4,073-211129,www.malagalinares.cl,RESTAURANTE
148,MAULE,LINARES,LINARES,LINARES (P),Linares y Cordillera de Melado,RESTAURANT ANGGUS,KURT MOLLER,467,-,7459011-k,73-223415,-,RESTAURANTE
149,MAULE,LINARES,LINARES,LINARES (P),Linares y Cordillera de Melado,RESTAURANT CORRAL PUERTA ABIERTA,CAMINO A PANIMAVIDA,3300,-,76038815-7,09-72182088,http://corralpuertaabierta.blogspot.com/,RESTAURANTE
150,MAULE,LINARES,LINARES,LINARES (P),Linares y Cordillera de Melado,RESTAURANTE EL BOSQUE,Km 4 camino Linares a Panim·vida,S/N,-,77636360-k,09-98371407  Û  73-210359,www.elbosquerestaurante.cl,RESTAURANTE
151,MAULE,LINARES,LINARES,LINARES (P),Linares y Cordillera de Melado,RESTAURANT EL TREBOL,BENJAMÕN NOVOA,42,-,11440942-1,73-220027   Û  09-78593454,-,RESTAURANTE
152,MAULE,LINARES,LINARES,LINARES (P),Linares y Cordillera de Melado,RESTAURANT SAN JOS…,"MERCADO CENTRAL, LOCAL",15 -18,-,5764778-7,73-220027,-,RESTAURANTE
153,MAULE,LINARES,LINARES,LOS GUALLES,Linares y Cordillera de Melado,Restaurante el Manantial,S/N,S/N,-,9338313-3,072  227019,-,RESTAURANTE
154,MAULE,LINARES,COLBUN,COLB⁄N,-,CHEZ L' HABITANT,Camino Colb˙n Alto km 10.5,S/N,-,76726040-7,09-91324064 Û 09-76697162,www.lodgecolbun.com,RESTAURANTE
155,MAULE,LINARES,COLBUN,COLB⁄N,-,COMIDA AL PASO LA RUCA,LOMAS DE PUTAGAN,S/N,-,9048835-K,09-84987528   Û   09-85334708,-,COCINERIA
156,MAULE,LINARES,COLBUN,CAPILLA PALACIOS,-,CASA DIAMANTE,CAMINO A PANIMAVIDA/FUNDO EL PI—ON,8,-,13066528-4,09-73039741,www.casadiamante.cl,RESTAURANTE
157,MAULE,LINARES,COLBUN,SAN FRANCISCO DE RARI,-,RESTAURANT BA—OS DE LA MONJA,RARI ADENTRO,S/N,-,10384684-6,09-95111059  Û   09-97266796,-,RESTAURANTE
158,MAULE,LINARES,PARRAL,PARRAL (P),-,RESTAURANT EL BALCON,ARTURO PRAT,190,-,11334778-3,09-86491608,-,RESTAURANTE
159,MAULE,LINARES,PARRAL,VILLA BAVIERA (P),-,COMPLEJO TURÕSTICO VILLA BAVIERA,PARCELA,6,-,76061148-4,73-465548   Û  09-90153201,www.villabaviera.cl,RESTAURANTE
160,MAULE,LINARES,SAN JAVIER,SAN JAVIER (P),-,AGUSTO RESTAURANT,AVENIDA BALMACEDA,2052 B,-,76044999-7,73-323871,www.agustorestaurant.cl,RESTAURANTE
161,MAULE,LINARES,SAN JAVIER,SAN JAVIER (P),-,EURO CHARLES CLUB,RUTA 5 SUR - KMT 271   SAN JAVIER,S/N,-,77783160-7,09-94789120,www.eurocharlesclub.com,RESTAURANTE
162,MAULE,LINARES,SAN JAVIER,BOBADILLA (P),-,EURO CHARLES CLUB,RUTA 5 SUR - KMT 271   SAN JAVIER,S/N,-,77783160-7,09-94789120,www.eurocharlesclub.com,RESTAURANTE
163,MAULE,LINARES,VILLA ALEGRE,ESTACI”N VILLA ALEGRE (P),-,HOTEL COLONIAL MAULE,CANCHA DE CARRERA,S/N,-,78918920-k,09-98269541,www.hotelcolonialmaule.com,RESTAURANTE
164,MAULE,LINARES,YERBAS BUENAS,YERBAS BUENAS (P),-,COCINERIA EL ROSAL,Av. Centenario,1,-,9225539-5,97925037,-,COCINERIA
165,MAULE,LINARES,YERBAS BUENAS,YERBAS BUENAS (P),-,RESTAURANT ELBADAN,27 de abril,401,-,12963185-6,73- 390128 Û 09-94428150,www.elbadan.cl,RESTAURANTE
166,MAULE,LINARES,YERBAS BUENAS,YERBAS BUENAS (P),-,RESTAURANT LAS OLLETAS DE YERBAS BUENAS,PLAZA NORTE,S/N,-,9752421-1,73-390077  Û,-,sofia_ulloa15@hotmail.com
167,MAULE,LINARES,YERBAS BUENAS,YERBAS BUENAS (P),-,RESTAURANT PEHUEN,Av. Max Jara,33,-,7426077-2,09-85098032  Û  09-68007080,-,RESTAURANTE
168,BÕO-BÕO,CONCEPCI”N,LOTA,LOTA (P),-,Donde la Mery comida tÌpica,Calle Serrano,621,-,76045166-5,2171959,-,COCINERIA
169,BÕO-BÕO,CONCEPCI”N,SAN PEDRO DE LA PAZ,GRAN CONCEPCI”N (P),ConcepciÛn,PIEDRA MADERA,Avenida Michimalonco,1003,-,76153424-6,41-3174470,www.piedramadera.cl,RESTAURANTE
170,BÕO-BÕO,CONCEPCI”N,SAN PEDRO DE LA PAZ,LOMAS COLORADAS,ConcepciÛn,pizzeria La mia mamma,av portal de san pedro,6950,local 7,14374862-6,41-2392818,-,RESTAURANTE
171,BÕO-BÕO,ARAUCO,LEBU,LEBU (P),-,La Pepita,Rioseco,s/n,Puesto N∫ 3,11965054-2,76599556,-,COCINERIA
172,BÕO-BÕO,ARAUCO,ARAUCO,ARAUCO (P),Arauco,JARDIN MARINO,AVENIDA PRAT S/N SECTOR PLAYA,S/N,-,16156501-6,82820184,-,RESTAURANTE
173,BÕO-BÕO,ARAUCO,ARAUCO,ARAUCO (P),Arauco,Restaurante Rapa Nui,Mariano Latorre ,10,-,4997362-4,041- 2571995,-,RESTAURANTE
174,BÕO-BÕO,ARAUCO,ARAUCO,LAS PE—AS,Arauco,Inversiones Antulafken S.A.,Fundo Las PeÒas S/N Km 9.5,S/N,Camino a Tubul.,77195360-3,93268093,www.antulafken.cl,RESTAURANTE
175,BÕO-BÕO,ARAUCO,ARAUCO,LLICO,Arauco,La Cocina de Renato,Camino a Llico km 21,S/N,-,5720723-k,83228761,-,COCINERIA
176,BÕO-BÕO,ARAUCO,CA—ETE,CA—ETE (P),-,CafÈ Nahuelbuta,Villagran,644,-,76655040-1,2611593,hotelnahuelbuta.cl,RESTAURANTE
177,BÕO-BÕO,ARAUCO,CA—ETE,CA—ETE (P),-,LA SAZ”N,ARTURO PRAT,626,-,76694630-5,91008551,-,RESTAURANTE
178,BÕO-BÕO,ARAUCO,CONTULMO,CONTULMO,-,CAFETERIA APEX,IGNACIO CARRERA PINTO,315,-,5601246-k,2618465   84641624,-,RESTAURANTE
179,BÕO-BÕO,ARAUCO,CONTULMO,CONTULMO,-,RESTAURAN ,MILLARAY,120,XXX,9530130-4,90721679,www.contulmo.cl,RESTAURANTE
180,BÕO-BÕO,ARAUCO,CONTULMO,LANALHUE,-,Estacion Lanalhue - Primera Parada,Estacion Lanalhue,S/N,-,11419366-6,-,-,RESTAURANTE
181,BÕO-BÕO,ARAUCO,CURANILAHUE,CURANILAHUE (P),-,Llitun,Juan Benitez Meza,"5, sector feria",-,9328650-2,90359001,-,COCINERIA
182,BÕO-BÕO,ARAUCO,TIRUA,QUIDICO,-,LA PUNTILLA  DONDE RAMONA,CAMINO A LA PLAYA A ORILLAS DEL RIO,COSTANERA 073,-,14579232-0,88635013-66190331-79703625,-,RESTAURANTE
183,BÕO-BÕO,BÕO-BÕO,LOS ANGELES,PARAGUAY,Salto del Laja y Antuco,Turismo Don Ambrosio,Salto del Laja,Km O.1,-,76033295-k,056/043-345538,www.donambrosio.cl,RESTAURANTE
184,BÕO-BÕO,BÕO-BÕO,LOS ANGELES,NATRE RARINCO,Salto del Laja y Antuco,RANCHO EL ABUELO,PARCELA 2 RARINCO NATRE,S/N,-,7114842-4,66206409,-,RESTAURANTE
185,BÕO-BÕO,BÕO-BÕO,ANTUCO,ANTUCO,-,La Pica de Ernesto,Calle ColÛn,22,-,10094873-7,-,-,RESTAURANTE
186,BÕO-BÕO,—UBLE,CHILLAN,CHILL¡N (P),Chillan y Valle Las Trancas,Sala 7,Arauco,205,-,13385799-0,-,-,PUB
187,BÕO-BÕO,—UBLE,COBQUECURA,BUCHUPUREO (P),-,CabaÒas y Restaurant el Puerto,Playa La Boca Buchupureo s/n,S/N,-,76021304-7,1971816 - 1971853 - 91612315,www.elpuertobuchupureo.cl,RESTAURANTE
188,BÕO-BÕO,—UBLE,COBQUECURA,COBQUECURA (P),-,El Paso donde keno,Independencia,542,-,6338124-1,81788865,-,FUENTE DE SODA
189,BÕO-BÕO,—UBLE,COBQUECURA,COBQUECURA (P),-,Restaurant Don Gualo,Rehue,508,-,7694695-7,83799017,-,RESTAURANTE
190,BÕO-BÕO,—UBLE,PINTO,EL CHACAY (P),Chillan y Valle Las Trancas,CafeterÌa Parador Preandino elChacay,Ruta Camino a las Termas de Chillan,"km40,7",-,5839540-4,042-1970515,www.paradorelchacay.cl,RESTAURANTE
191,BÕO-BÕO,—UBLE,PINTO,LA INVERNADA,Chillan y Valle Las Trancas,Araucarias Chile,"Camino a Las Termas Km 52,5  S/N",52,-,10657694-7,61323474 - 78247151,-,RESTAURANTE
192,BÕO-BÕO,—UBLE,QUILLON,LAS CAMELIAS,-,Empanadas de Campo,"Sector Las Mercedes Ruta 148 Km. 12,9",S/N,"A 5km. de QuillÛn en direcciÛn a Bulnes, orilla carretera.",8843399-8,84230980,-,COCINERIA
193,BÕO-BÕO,—UBLE,QUILLON,QUILL”N (P),-,Restaurante la Torre 10,Avda. O¥higgins,562,-,77873380-3,042-580071,www.torre10.cl,RESTAURANTE
194,BÕO-BÕO,—UBLE,QUILLON,EL CASINO,-,Don Ginito,Cerro Negro S/N,S/N,-,8742032-9,042 1974159,-,RESTAURANTE
195,BÕO-BÕO,—UBLE,QUILLON,COYANCO (P),-,CabaÒas familiares La Playa,"Ruta 148 kilometro 19,2",S/N,"a 1,2 kilometros de QuillÛn camino Florida",4392674-8,42581064,-,RESTAURANTE
196,BÕO-BÕO,—UBLE,SAN CARLOS,SAN CARLOS (P),-,HOSTERIA COPEC,PANAMERICANA ESQ.VICU—A MACKENNA S/N,S/N,-,76023213-0,42-416112,-,RESTAURANTE
197,BÕO-BÕO,—UBLE,SAN FABIAN,LA VEGA,-,paso de los toros de san fabian de alico,kilometro 36 ruta N-31,S/N,-,78319430-9,94427435,www.pasodelostorosdesanfabian.cl,RESTAURANTE
198,BÕO-BÕO,—UBLE,SAN FABIAN,PICHINAL,-,RANCHO CRIOLLO,PICHINAL,S/N,-,6473604-3,042-1975289,-,RESTAURANTE
199,BÕO-BÕO,—UBLE,SAN FABIAN,SAN FABI¡N,-,SABORES DEL BOSQUE,AVDA. LOS AROMOS,S/N,-,4389543-5,9-1612695,-,RESTAURANTE
200,LA ARAUCANÕA,CAUTÕN,TEMUCO,GRAN TEMUCO (P),Temuco y Lago Budi,HOTEL RESTAURANTE NICOLAS,GENERAL MACKENNA 420,-,-,79824950-9,(45) 554400-554401,www.hotelnicolas.cl,RESTAURANTE
201,LA ARAUCANÕA,CAUTÕN,TEMUCO,BOLLECO (P),Temuco y Lago Budi,RESTAURANT MAPUCHE RUKA LELFUN,"KM. 8,5 CAMINO TEMUCO A CHOLCHOL",-,-,9386046-2,94595954,-,RESTAURANTE
202,LA ARAUCANÕA,MALLECO,ANGOL,ANGOL (P),-,RESTAURANT HOTEL DUHATAO,ARTURO PRAT 420,--,-,77419040-6,(45) 714320,www.hotelduhatao.cl,RESTAURANTE
203,LA ARAUCANÕA,MALLECO,LONQUIMAY,LONQUIMAY,Araucania Andina,CAFETERIA Y CONFITERIA LA MAMANITA,L. BERNARDO O'HIGGINS 1200,-,-,6955735-k,(45) 891140 - 463027,-,RESTAURANTE
204,LA ARAUCANÕA,MALLECO,LONQUIMAY,LONQUIMAY,Araucania Andina,HOSTERIA Y RESTAURANTE DONDE JUANCHO,L. BERNARDO O'HIGGINS 1130,-,-,6955735-k,(45) 891140 - 463027,-,RESTAURANTE
205,LA ARAUCANÕA,MALLECO,LONQUIMAY,LONQUIMAY,Araucania Andina,RESTAURANT HOSTAL NATIVO,CAUPOLICAN 915,-,-,9545340-6,56-45-891111,-,RESTAURANTE
206,LA ARAUCANÕA,CAUTÕN,PUCON,PUC”N (P),Pucon y Villarrica,PABLO RESTAURANT,GENERAL URRUTIA ,215,-,6163150-k,(45) 441333,-,RESTAURANTE
207,LA ARAUCANÕA,CAUTÕN,PUCON,PUC”N (P),Pucon y Villarrica,RESTAURANT ECOLE,GENERAL URRUTIA,592,-,96713840-1,(45) 441675,www.ecole.cl,RESTAURANTE
208,LA ARAUCANÕA,CAUTÕN,PUCON,CABURGUA,Pucon y Villarrica,Cumbres de Caburgua,Camino playa blanca,S/N,-,7235769-8,97039614,-,SALON DE TE O CAFE
209,LA ARAUCANÕA,CAUTÕN,PUCON,CABURGUA,Pucon y Villarrica,Restaurant Torreon de Caburgua,camino a caburgua km 19,sin numero,-,6063956-6,63032070-68465146,-,RESTAURANTE
210,LA ARAUCANÕA,CAUTÕN,SAAVEDRA,MAULE,-,RESTAURANT Y CABA—AS MAULE,AVENIDA MIRAMAR S/N,--,-,5804043-6,(45) 634013,-,RESTAURANTE
211,LA ARAUCANÕA,CAUTÕN,SAAVEDRA,PUERTO SAAVEDRA,-,PIUKE LEUFU (CORAZON DEL LAGO),"ISLA LLEPO S/N, LAGO BUDI (PUERTO SAAVEDRA - PUENTE BUDI - COLLILEUFU GRANDE - ISLA LLEPO)",-,-,11989709-2,76731156 - 98515403,-,FUENTE DE SODA
212,LA ARAUCANÕA,CAUTÕN,TOLTEN,NUEVA TOLT…N,-,RESTAURANT LA FATRA,PEDRO AGUIRRE CERDA 4,-,-,6162376-0,92449482,-,RESTAURANTE
213,LA ARAUCANÕA,CAUTÕN,VILCUN,CAJ”N,-,RESTAURANT Y CENTRO DE EVENTOS SIETE ESPIGAS,KM. 12 CAMINO CAJ”N - VILC⁄N,--,-,77497990-5,(45) 562315,www.waterslidepark.cl,RESTAURANTE
214,LA ARAUCANÕA,CAUTÕN,VILLARRICA,VILLARRICA (P),Pucon y Villarrica,Buga Restaurant,ValentÌn Letelier,836,-,10817037-9,87679913,-,RESTAURANTE
215,LA ARAUCANÕA,CAUTÕN,VILLARRICA,VILLARRICA (P),Pucon y Villarrica,PUB RESTAURANT STUDIO 1,Calle Pedro Montt,370,-,15248099-7,96462637,-,RESTAURANTE
216,LA ARAUCANÕA,CAUTÕN,VILLARRICA,LIC¡N RAY (P),Pucon y Villarrica,LOS ULMOS DE CHI—URA,GENERAL URRUTIA,105- A,-,10875963-1,97570158,-,RESTAURANTE
217,LOS LAGOS,LLANQUIHUE,PUERTO MONTT,PUERTO MONTT (P),Puerto Montt y Angelmo,COCINERIA LA JOYITA,"Avda. Presidente IbaÒez, local 102",716,-,10282965-4,-,-,COCINERIA
218,LOS LAGOS,LLANQUIHUE,PUERTO MONTT,PUERTO MONTT (P),Puerto Montt y Angelmo,DO—A HERMINIA,AVENIDA PRESIDENTE IBA—EZ,716,-,7596341-6,91273937,-,COMIDA RAPIDA
219,LOS LAGOS,LLANQUIHUE,PUERTO MONTT,PUERTO MONTT (P),Puerto Montt y Angelmo,EL TUCAN,Avda. Presidente IbaÒez,716,-,10237176-3,65-520067,-,COMIDA RAPIDA
220,LOS LAGOS,LLANQUIHUE,PUERTO MONTT,PUERTO MONTT (P),Puerto Montt y Angelmo,MARIA GRACIELA GALLARDO HERNANDEZ,AVENIDA PRESIDENTE IBA—EZ,716,-,7919490-5,99061354,-,COCINERIA
221,LOS LAGOS,LLANQUIHUE,PUERTO MONTT,PUERTO MONTT (P),Puerto Montt y Angelmo,PORTAL DEL RELONCAVI,Avda. Presidente IbaÒez,716,-,11712780-K,65-291555,-,RESTAURANTE
222,LOS LAGOS,LLANQUIHUE,PUERTO MONTT,PUERTO MONTT (P),Puerto Montt y Angelmo,RESTAURANT ENKANTA MAR,Las Toninas.Pelluco,1891,-,10727112-0,(65) 488500 / 78516645,-,RESTAURANTE
223,LOS LAGOS,LLANQUIHUE,PUERTO MONTT,PUERTO MONTT (P),Puerto Montt y Angelmo,Restaurant Pa Mar Adentro,Pacheco Altamirano,2525,-,76114658-0,264060,www.pamaradentro.cl,RESTAURANTE
224,LOS LAGOS,LLANQUIHUE,PUERTO MONTT,PICHIQUILLAIPE,Puerto Montt y Angelmo,Atma Bosque Restaurante,Carretera Austral KM 18,S/N,-,12584016-7,90151724,-,RESTAURANTE
225,LOS LAGOS,LLANQUIHUE,CALBUCO,CALBUCO (P),Puerto Montt y Angelmo,DON BENITO ,esmeralda,206,-,13000333-8,065 461240,-,RESTAURANTE
226,LOS LAGOS,LLANQUIHUE,CALBUCO,CALBUCO (P),Puerto Montt y Angelmo,TRAGONES,AVDA LOS HEROES,410 2DO PISO,-,15873872-4,065 338006,-,COMIDA RAPIDA
227,LOS LAGOS,LLANQUIHUE,COCHAMO,COCHAM”,-,Claroscuro Restaurant,Avenida Cochamo,Manzana B casa 3,-,10304328-k,92976555,-,RESTAURANTE
228,LOS LAGOS,LLANQUIHUE,COCHAMO,ALTO PUELO,-,Restaurant Tique,alto puelo,s/n,-,76490840-6,95491069,www.andespatagonia.cl,RESTAURANTE
229,LOS LAGOS,LLANQUIHUE,FRUTILLAR,FRUTILLAR,Lagos Llanquihue y Todos Los Santos,Lavanda Casa de TÈ,"Fundo Santa Marta km 1,5 Quebrada Honda","km 1,5",-,52000708-3,56 9 94580804,www.lavandacasadete.cl,SALON DE TE O CAFE
230,LOS LAGOS,LLANQUIHUE,LOS MUERMOS,CA—ITAS (P),-,Stecry,Camino Real CaÒitas,S/N,-,12343518-4,-,-,COMIDA RAPIDA
231,LOS LAGOS,LLANQUIHUE,LOS MUERMOS,LOS MUERMOS,-,El Congrio con Agallas,Avenida Reinard Westermaier,106,-,10144471-6,063-211691,-,RESTAURANTE
232,LOS LAGOS,LLANQUIHUE,LOS MUERMOS,LOS MUERMOS,-,El Padrino,Bernardo Ohiggins,62,-,9592851-k,-,-,RESTAURANTE
233,LOS LAGOS,LLANQUIHUE,LOS MUERMOS,LOS MUERMOS,-,Restaurant Plaza,Bernardo Ohiggins,74,-,13575146-4,-,-,RESTAURANTE
234,LOS LAGOS,LLANQUIHUE,PUERTO VARAS,PUERTO VARAS (P),Lagos Llanquihue y Todos Los Santos,bravo cabrera,vicente perez rosales,1071,-,76036774-5,-,-,RESTAURANTE
235,LOS LAGOS,LLANQUIHUE,PUERTO VARAS,PUERTO VARAS (P),Lagos Llanquihue y Todos Los Santos,fuente de soda licarayen,santa rosa lote B,S/N,-,7889520-9,-,-,FUENTE DE SODA
236,LOS LAGOS,LLANQUIHUE,PUERTO VARAS,PUERTO VARAS (P),Lagos Llanquihue y Todos Los Santos,Hostal Estrella de BelÈn,Verbo Divino,422,-,13525262-k,65-716551,-,SALON DE TE O CAFE
237,LOS LAGOS,LLANQUIHUE,PUERTO VARAS,PUERTO VARAS (P),Lagos Llanquihue y Todos Los Santos,Insider,"Loteo El Puente , camino a Braunau",4B,-,76105485-6,9-68309994,-,RESTAURANTE
238,LOS LAGOS,LLANQUIHUE,PUERTO VARAS,PUERTO VARAS (P),Lagos Llanquihue y Todos Los Santos,restaurante Miraolas,santa rosa,40,-,76171736-7,90793938,-,RESTAURANTE
239,LOS LAGOS,LLANQUIHUE,PUERTO VARAS,PUERTO VARAS (P),Lagos Llanquihue y Todos Los Santos,RESTAURANTES LA MARCA,Santa Rosa,539,-,76055341-7,65232026,www.lamarca.cl,RESTAURANTE
240,LOS LAGOS,LLANQUIHUE,PUERTO VARAS,PUERTO VARAS (P),Lagos Llanquihue y Todos Los Santos,restorant Drakkar,traumen,1710,villa los laureles,76200491-7,9 9398038,www.restodrakkar.blogspot.com,RESTAURANTE
241,LOS LAGOS,LLANQUIHUE,PUERTO VARAS,PUERTO VARAS (P),Lagos Llanquihue y Todos Los Santos,summer ray,san francisco,sn,-,7490483-1,-,-,RESTAURANTE
242,LOS LAGOS,LLANQUIHUE,PUERTO VARAS,ENSENADA,Lagos Llanquihue y Todos Los Santos,Restaurante MontaÒa,Km 45,S/N,-,13120812-k,065-212088,-,RESTAURANTE
243,LOS LAGOS,CHILO…,CASTRO,CASTRO (P),ChiloÈ,EL EMBRUJO RESTO BAR,THOMPSON,244,-,76169990-3,65-533032,www.elembrujo.cl,RESTAURANTE
244,LOS LAGOS,CHILO…,CASTRO,CASTRO (P),ChiloÈ,Marions Cafe Aleman,Serrano,325,-,22767085-1,83524342,-,SALON DE TE O CAFE
245,LOS LAGOS,CHILO…,CASTRO,CASTRO (P),ChiloÈ,POMODORO PIZZA & PASTA,SOTOMAYOR,520,-,76213854-9,65 - 634141,-,RESTAURANTE
246,LOS LAGOS,CHILO…,CASTRO,CASTRO (P),ChiloÈ,Public,Chacabuco,202,-,96639580-k,65-635836,www.hosteriadecastro.cl,DISCOTECA
247,LOS LAGOS,CHILO…,CASTRO,CASTRO (P),ChiloÈ,Restaurant Las Araucarias,Chacabuco,202,-,96639580-k,65-632301 / 65-632302,www.hosteriadecastro.cl,RESTAURANTE
248,LOS LAGOS,CHILO…,CASTRO,CASTRO (P),ChiloÈ,ROSA NIKLITSCHEK,PANAMERICANA NORTE,S/N,-,5356038-5,65-632137,-,RESTAURANTE
249,LOS LAGOS,CHILO…,CASTRO,YUTUY,ChiloÈ,Buen amigo,yutuy,s/n,-,6675165-1,-,-,RESTAURANTE
250,LOS LAGOS,CHILO…,ANCUD,ANCUD (P),ChiloÈ,COCINERIA NORMA,CALLE DIECIOCHO,200,LOCAL 12 Y 13,6488366-6,96471792,-,COCINERIA
251,LOS LAGOS,CHILO…,ANCUD,ANCUD (P),ChiloÈ,Kuranton,Avenida Prat,94,-,3755036-1,(65)623090 - (09)99615724,-,RESTAURANTE
252,LOS LAGOS,CHILO…,ANCUD,ANCUD (P),ChiloÈ,restaaurante Don Lucas,avda. costanera,906,-,77395650-2,65620950,-,RESTAURANTE
253,LOS LAGOS,CHILO…,ANCUD,ANCUD (P),ChiloÈ,RESTAURANTE EL CHUECO PERALTA,BELLAVISTA,490,-,4596106-0,09-9389040,-,RESTAURANTE
254,LOS LAGOS,CHILO…,ANCUD,ANCUD (P),ChiloÈ,RESTAURANT EL CHILOTITO,AVDA. ARTURO PRATT  FERIA RURAL,S/N,-,7298655-5,96398085,-,RESTAURANTE
255,LOS LAGOS,CHILO…,ANCUD,ANCUD (P),ChiloÈ,RESTAURANT POLO SUR,AVENIDA SALVADOR ALLENDE,630,-,76431890-0,94897233,-,RESTAURANTE
256,LOS LAGOS,CHILO…,ANCUD,ANCUD (P),ChiloÈ,SERVIPAPAS,DIECIOCHO,200,LOCAL 2,5134023-K,99523774,-,PICADA
257,LOS LAGOS,CHILO…,ANCUD,CAULÕN,ChiloÈ,RESTAURANT OSTRAS CAULIN†,CAULIN ALTO (RURAL)†,S/N,-,2819459-5,09-6437005,-,RESTAURANTE
258,LOS LAGOS,CHILO…,ANCUD,CHACAO,ChiloÈ,RESTAURANTE CANAL DE CHACAO,CHACAO VIEJO,S/N,-,53308713-2,-,-,RESTAURANTE
259,LOS LAGOS,CHILO…,ANCUD,PUMILLAHUE,ChiloÈ,Cocineria Costa Mar,PuÒihuil S/N,S/N,-,7710576-K,-,-,COCINERIA
260,LOS LAGOS,CHILO…,ANCUD,PUMILLAHUE,ChiloÈ,EL RINCON,PU—IHUIL A 28 KM DE ANCUD,S/N,-,9292770-9,90221190,-,RESTAURANTE
261,LOS LAGOS,CHILO…,ANCUD,PUMILLAHUE,ChiloÈ,FOGON BALLENA AZUL,PUMILLAHUE A 28 KM DE ANCUD,S/N,-,10421487-8,95589878,-,COCINERIA
262,LOS LAGOS,CHILO…,ANCUD,PUMILLAHUE,ChiloÈ,RESTAURANT COSTA PACIFICO,SECTOR RURAL PU—IHUIL - PLAYA,S/N,-,9494475-9,-,-,RESTAURANTE
263,LOS LAGOS,CHILO…,ANCUD,QUETALMAHUE,ChiloÈ,RESTAURANTE QUETALMAHUE,QUETALMAHUE SECTOR RURAL,S/N,-,76120484-K,09-90333930,-,RESTAURANTE
264,LOS LAGOS,CHILO…,ANCUD,CALLE,ChiloÈ,AGROTURISMO AL NORTE EL SUR,SECTOR RURAL CALLE S/N,S/N,-,5410423-5,-,-,RESTAURANTE
265,LOS LAGOS,CHILO…,ANCUD,CALLE,ChiloÈ,Restaurante Campesino El Mirador de Pulalun,Sector rural Calle,S/N,-,9223761-3,-,-,RESTAURANTE
266,LOS LAGOS,CHILO…,CHONCHI,CHONCHI,ChiloÈ,RESTAURANTE CHANCHO EN PIEDRA,SECTOR RURAL DE MOLULCO,S/N,-,6935205-7,-,-,RESTAURANTE
267,LOS LAGOS,CHILO…,CHONCHI,CHONCHI,ChiloÈ,rosa gomez gomez,arturo prat,16,"frente al negocio jm,se entra por la copec se continua al derecha y finalmente se dobla hacia la izquierda",8990931-7,671219,-,COMIDA RAPIDA
268,LOS LAGOS,CHILO…,CHONCHI,CUCAO,ChiloÈ,Brisas del Pacifico,cucao sin numero,s/n,"frente a la capilla de cucao, a un costado de la cancha de futbol.",6531392-8,98155427,-,RESTAURANTE
269,LOS LAGOS,CHILO…,CHONCHI,CUCAO,ChiloÈ,LAS LUMINARIAS,CUCAO,S/N,-,7320150-0,94879847,-,RESTAURANTE
270,LOS LAGOS,CHILO…,CHONCHI,CUCAO,ChiloÈ,Maervi,cucao sin numero,s/n,"frente la parque nacional,pasado el puente",8094489-6,90735395,-,RESTAURANTE
271,LOS LAGOS,CHILO…,CURACO DE VELEZ,TOLQU…N (P),ChiloÈ,Servicios turÌsticos El Medan,tolquen,S/N,"sector caserio Km. 8, Curaco de Velez",4546986-7,-,-,COCINERIA
272,LOS LAGOS,CHILO…,DALCAHUE,DALCAHUE,ChiloÈ,AUTOSERVICIO SAGITARIO,ramon freire,460,-,8496084-5,-,-,COMIDA RAPIDA
273,LOS LAGOS,CHILO…,DALCAHUE,DALCAHUE,ChiloÈ,AUTOSERVICIO SAN FRANCISCO,SECTOR MOCOPULLI,S/N,-,8645589-7,92576877,-,COMIDA RAPIDA
274,LOS LAGOS,CHILO…,DALCAHUE,DALCAHUE,ChiloÈ,AUTOSERVICIO TUTY,PEDRO MONTT,112,-,6188879-9,-,-,COMIDA RAPIDA
275,LOS LAGOS,CHILO…,DALCAHUE,DALCAHUE,ChiloÈ,Cafe Autoservicio EL Rinconsito,Pedro Montt,95,-,15926913-2,74750691,-,COMIDA RAPIDA
276,LOS LAGOS,CHILO…,DALCAHUE,DALCAHUE,ChiloÈ,CAFE RESTAURANT DALCA,ACCESO RAMPA,S/N,-,9022200-7,-,-,RESTAURANTE
277,LOS LAGOS,CHILO…,DALCAHUE,DALCAHUE,ChiloÈ,CLUB 21,PEDRO MONTT,105,-,12152495-3,91827652,-,RESTAURANTE
278,LOS LAGOS,CHILO…,DALCAHUE,DALCAHUE,ChiloÈ,COCINERIA CAMILA,PEDRO MONTT,3,PUESTO N∫8,7271588-8,65-641594,-,COCINERIA
279,LOS LAGOS,CHILO…,DALCAHUE,DALCAHUE,ChiloÈ,DELICIAS DE DALCAHUE,RAMON FREIRE,55,-,12540345-K,-,-,COMIDA RAPIDA
280,LOS LAGOS,CHILO…,DALCAHUE,DALCAHUE,ChiloÈ,DO—A INES,PEDRO MONTT LADO MERCADO MUNICIPAL,S/N,-,7978207-6,065-89836267,-,COMIDA RAPIDA
281,LOS LAGOS,CHILO…,DALCAHUE,DALCAHUE,ChiloÈ,LA MERIENDA,PEDRO MONTT,S/N,-,10128712-2,99097600,-,COMIDA RAPIDA
282,LOS LAGOS,CHILO…,DALCAHUE,DALCAHUE,ChiloÈ,LA NONA,"MERCADO MUNICIPAL , LOCAL N∫3",S/N,-,3374859-0,95599568,-,COCINERIA
283,LOS LAGOS,CHILO…,DALCAHUE,DALCAHUE,ChiloÈ,PALAFITO LA NAVAJUELA,PEDRO MONTT,1,-,7799186-7,92554114,-,COMIDA RAPIDA
284,LOS LAGOS,CHILO…,DALCAHUE,DALCAHUE,ChiloÈ,Residencial y Restaurante La Fiera,Manuel Rodriguez,154,-,6099727-6,065-641293,-,RESTAURANTE
285,LOS LAGOS,CHILO…,DALCAHUE,DALCAHUE,ChiloÈ,RESTAURANT 5COMENTARIOS,RAMON FREIRE,485,-,10939166-2,-,-,RESTAURANTE
286,LOS LAGOS,CHILO…,DALCAHUE,DALCAHUE,ChiloÈ,RESTAURANT CHILOE,PEDRO MONTT,128,-,5615074-9,65-641284,-,RESTAURANTE
287,LOS LAGOS,CHILO…,DALCAHUE,DALCAHUE,ChiloÈ,RESTAURANT EL CORAL,5 DE ABRIL,35,-,10885325-5,65-642252,-,RESTAURANTE
288,LOS LAGOS,CHILO…,DALCAHUE,DALCAHUE,ChiloÈ,RESTAURANT LA ISLA,ELIAS NAVARRO,420,-,77150760-3,65-641241,-,RESTAURANTE
289,LOS LAGOS,CHILO…,DALCAHUE,DALCAHUE,ChiloÈ,RESTAURANT PLAYA,MANUEL RODRIGUEZ,9,-,7957945-9,65-641397,-,RESTAURANTE
290,LOS LAGOS,CHILO…,DALCAHUE,MOCOPULLI (P),ChiloÈ,RESTAURANTE ,RUTA 5 SUR,km 1170,-,16158867-9,-,-,RESTAURANTE
291,LOS LAGOS,CHILO…,DALCAHUE,QUETALCO,ChiloÈ,FOGON CHILOTE TÕA LULA,QUETALCO RURAL,S/N,-,12311484-1,-,-,COCINERIA
292,LOS LAGOS,CHILO…,DALCAHUE,TENA⁄N,ChiloÈ,RESTAURANT EL CA—AZO,VILLA TENAUN,S/N,-,7792066-8,90239635,-,RESTAURANTE
293,LOS LAGOS,CHILO…,DALCAHUE,TOCOIHUE,ChiloÈ,EL CUCHIVILO,SECTOR TOCOIHUE,S/N,-,12126815-9,92682275,-,COMIDA RAPIDA
294,LOS LAGOS,CHILO…,DALCAHUE,TOCOIHUE,ChiloÈ,FogÛn La Cascada,Tocoihue,S/N,-,9729914-5,-,-,RESTAURANTE
295,LOS LAGOS,CHILO…,PUQUELDON,LINCAY (P),ChiloÈ,RESTAURANT PARQUE YAYANES,LINCAY ,S/N,-,5549508-4,88616462,www.parqueyayanes.cl,RESTAURANTE
296,LOS LAGOS,CHILO…,QUEILEN,AITUY (P),-,Espejo de Luna,aituy,s/n,-,76038931-5,5361065,http://www.espejodeluna.cl/,RESTAURANTE
297,LOS LAGOS,CHILO…,QUEILEN,QUEIL…N (P),-,Hotel Restaurante Plaza,O¥ Higgins,93,-,9298302-1,88892643,-,RESTAURANTE
298,LOS LAGOS,CHILO…,QUELLON,QUELL”N (P),ChiloÈ,COSTANERA,PEDRO MONTT,333,-,5343792-3,78698769,-,RESTAURANTE
299,LOS LAGOS,CHILO…,QUELLON,QUELL”N (P),ChiloÈ,RINCON DEL SUR RESTAURANT Y PARRILLA,LADRILLEROS,125 - A,-,6933188-2,-,-,RESTAURANTE
300,LOS LAGOS,CHILO…,QUELLON,QUELL”N (P),ChiloÈ,Turismo Neptuno,Punta de Lapas Camping Neptuno Sector Playa,S/N,-,76083536-6,65-681457 / 76617770 / 99325041 / 81813070,-,RESTAURANTE
301,LOS LAGOS,CHILO…,QUELLON,COINCO (P),ChiloÈ,NUEVA ESPERANZA,COINCO RURAL,0,-,7274485-3,96476017,-,RESTAURANTE
302,LOS LAGOS,CHILO…,QUELLON,COLONIA YUNGAY,ChiloÈ,El Chumaiguen,Colonia Yungay Rural,s/n,-,9306053-9,-,-,RESTAURANTE
303,LOS LAGOS,CHILO…,QUEMCHI,QUEMCHI (P),ChiloÈ,Barloventos,Yungay,8,-,13600996-6,691239,-,BAR
304,LOS LAGOS,CHILO…,QUEMCHI,QUEMCHI (P),ChiloÈ,Bar & Restaurant Barloventos,Yungay,8,-,13600996-6,65-691239,www.barloventos.cl,RESTAURANTE
305,LOS LAGOS,CHILO…,QUEMCHI,QUEMCHI (P),ChiloÈ,CHILOE,PEDRO MONTT,241,-,7448173-6,065-691220,-,RESTAURANTE
306,LOS LAGOS,CHILO…,QUEMCHI,QUEMCHI (P),ChiloÈ,EL CHEJO,DIEGO BAHAMONDE,251,-,7736725-k,065-691490,-,RESTAURANTE
307,LOS LAGOS,CHILO…,QUEMCHI,QUEMCHI (P),ChiloÈ,PUB RESTAURANT EL CORRALITO,PUERTO FERNANDEZ,S/N,-,11598270-2,62410986,-,RESTAURANTE
308,LOS LAGOS,CHILO…,QUEMCHI,SAN ANTONIO DE COLO,ChiloÈ,EL CHUCAO,SAN ANTONIO DE COLO CAMINO QUICAVI,s/n,-,8632270-6,-,-,COMIDA RAPIDA
309,LOS LAGOS,OSORNO,OSORNO,OSORNO (P),Lago Puyehue y Osorno,AL GRANO CAFE,Mackenna,724,-,76104965-8,064-248090,-,SALON DE TE O CAFE
310,LOS LAGOS,OSORNO,OSORNO,OSORNO (P),Lago Puyehue y Osorno,Cafe Jetro Restobar,Errazurriz,1451,-,9243267-k,-,-,RESTAURANTE
311,LOS LAGOS,OSORNO,OSORNO,OSORNO (P),Lago Puyehue y Osorno,CAFE JETRO RESTOBAR,JUAN MACKENNA,1027 - A,-,9243267-k,79772911,-,RESTAURANTE
312,LOS LAGOS,OSORNO,OSORNO,OSORNO (P),Lago Puyehue y Osorno,CASER”N FREIRE,FREIRE,1066,-,8184160-8,064-202007,www.caseronfreire.cl,RESTAURANTE
313,LOS LAGOS,OSORNO,OSORNO,OSORNO (P),Lago Puyehue y Osorno,Club Shadows Restobar,prat,745,-,13321947-1,66922315,-,RESTAURANTE
314,LOS LAGOS,OSORNO,OSORNO,OSORNO (P),Lago Puyehue y Osorno,COMIDA RAPIDA DELICIOSO,ARTURO PRAT,1020,-,5983251-4,64-245959,-,COMIDA RAPIDA
315,LOS LAGOS,OSORNO,OSORNO,OSORNO (P),Lago Puyehue y Osorno,LOFT RESTOBAR,Avenida Manuel Rodriguez,929,-,13967235-6,78782597 /64-278606,-,BAR
316,LOS LAGOS,OSORNO,OSORNO,OSORNO (P),Lago Puyehue y Osorno,PUB LA VITROLA,PORTALES,660,-,76136299-2,93260496,-,PUB
317,LOS LAGOS,OSORNO,OSORNO,OSORNO (P),Lago Puyehue y Osorno,RESTAURANT EL OLIVILLO,EJERCITO,395,-,76048022-3,064-555000,www.sonestaosorno.cl,RESTAURANTE
318,LOS LAGOS,OSORNO,OSORNO,OSORNO (P),Lago Puyehue y Osorno,RESTAURANT SA TANCA SUSHI,MANUEL RODRIGUEZ,955,-,5828234-0,64-212700,www.satanca.cl,RESTAURANTE
319,LOS LAGOS,OSORNO,OSORNO,OSORNO (P),Lago Puyehue y Osorno,RESTAURANT Y EVENTOS EL QUIMCHO,RAMIREZ,568,-,6150444-3,64-250777,-,RESTAURANTE
320,LOS LAGOS,OSORNO,OSORNO,OSORNO (P),Lago Puyehue y Osorno,RHENANIA,MANUEL RODRIGUEZ,1699,OTRO,80706800-8,232879,WWW.RHENANIA.CL,SALON DE TE O CAFE
321,LOS LAGOS,OSORNO,OSORNO,OSORNO (P),Lago Puyehue y Osorno,Taberna Pirata,Av Mackenna,1873,-,76083501-3,84105295,https://www.facebook.com/tabernapirata,PUB
322,LOS LAGOS,OSORNO,PURRANQUE,PURRANQUE,-,Restaurant Comida Rapida Los Chilcos,21 de mayo,333,-,7593028-3,-,-,COMIDA RAPIDA
323,LOS LAGOS,OSORNO,PUYEHUE,ENTRE LAGOS,Lago Puyehue y Osorno,CAFE ENTRE LAGOS,PEDRO DE VALDIVIA,388,-,12340174-3,95773093 - 99343049,-,RESTAURANTE
324,LOS LAGOS,OSORNO,PUYEHUE,ENTRE LAGOS,Lago Puyehue y Osorno,FOGON ENTRE LAGOS,Ruta 215,425,-,9202790-2,96340575  -  064/372922,-,RESTAURANTE
325,LOS LAGOS,OSORNO,PUYEHUE,ENTRE LAGOS,Lago Puyehue y Osorno,RESTAURANT AL FIN EL RANCHO,General Lagos,769,-,9020440-8,64-371224/ 81906246,-,RESTAURANTE
326,LOS LAGOS,OSORNO,PUYEHUE,ENTRE LAGOS,Lago Puyehue y Osorno,RESTAURANT BORDESUR,Eleuterio Ramirez,265,-,76110388-1,64-371225,www.hosteriaentrelagos.cl,RESTAURANTE
327,LOS LAGOS,OSORNO,PUYEHUE,ENTRE LAGOS,Lago Puyehue y Osorno,RESTAURANT LA VALENCIANA,RUTA INTERNACIONAL 215 KM 53 PUYEHUE,S/N,-,7201274-7,64-371658,www.valenciana.cl,RESTAURANTE
328,LOS LAGOS,OSORNO,SAN JUAN DE LA COSTA,BAHÕA MANSA,-,RESTAURANT GLORIMAR,AV.COSTANERA,S/N,-,9179764-K,82998587,-,RESTAURANTE
329,LOS LAGOS,OSORNO,SAN JUAN DE LA COSTA,MAICOLPUE,-,CocinerÌa Mawi Antu,Avenida Costanera t14,s/n,-,7657448-0,-,-,COCINERIA
330,LOS LAGOS,OSORNO,SAN JUAN DE LA COSTA,PUCATRIHUE,-,RESTAURANT GIGANTE,SECTOR PLAYA,S/N,-,6882148-7,64-1975333,-,RESTAURANTE
331,LOS LAGOS,PALENA,CHAITEN,CHAIT…N,Ruta Austral Puelo - Futaleuf˙,CafÈ Buen Sabor,Ignacio Carrera Pinto Esq. Libertad,S/N,"A una cuadra de la plaza, frente a la Escuela Juan Jose Latorre.",12761620-5,-,-,SALON DE TE O CAFE
332,LOS LAGOS,PALENA,CHAITEN,CHAIT…N,Ruta Austral Puelo - Futaleuf˙,CafÈ Caleta Gonzalo,klenner,299,Puerto Varas,59066890-7,65 - 250079,www.parquepumalin.cl,RESTAURANTE
333,LOS LAGOS,PALENA,FUTALEUFU,FUTALEUF⁄,Ruta Austral Puelo - Futaleuf˙,El Barranco,Bernardo O¥higgins,172,-,77623610-1,65-721314,www.elbarrancochile.cl,RESTAURANTE
334,LOS LAGOS,PALENA,FUTALEUFU,FUTALEUF⁄,Ruta Austral Puelo - Futaleuf˙,El Barranco,Bernardo O¥higgins,172,-,77623610-1,65-721314,www.elbarrancochile.cl,RESTAURANTE
335,LOS LAGOS,PALENA,FUTALEUFU,FUTALEUF⁄,Ruta Austral Puelo - Futaleuf˙,RESTAURANTE MARTIN PESCADOR,BALMACEDA,603,-,9746361-1,-,-,RESTAURANTE
336,LOS LAGOS,PALENA,HUALAIHUE,RÕO NEGRO,-,EL CARRITO,BERNARDO O`HIGGINS,S/N∫,-,7050602-5,(65)217336,-,COMIDA RAPIDA
337,LOS LAGOS,CHILO…,QUINCHAO,ACHAO,-,RESTAURANT EL MEDAN,SERRANO,18,-,12595490-1,-,-,RESTAURANTE
338,LOS LAGOS,CHILO…,QUINCHAO,ACHAO,-,RESTAURANT LA NAVE,ARTURO PRAT,S/N,-,3086447-6,(65) 661219,-,RESTAURANTE
339,LOS LAGOS,CHILO…,QUINCHAO,ACHAO,-,RESTAURANT Y HOSPEDAJE SAO PAULO,SERRANO,52,-,4397587-0,065-661245,-,RESTAURANTE
340,AYS…N,COYHAIQUE,COYHAIQUE,COYHAIQUE (P),"Coyhaique, Puerto AysÈn y Laguna San Rafael",CAFE CAMELLO PATAGON,CONDELL,149,-,5893708-8,67-244327,-,SALON DE TE O CAFE
341,AYS…N,COYHAIQUE,COYHAIQUE,COYHAIQUE (P),"Coyhaique, Puerto AysÈn y Laguna San Rafael",CAFETERIA Y CHOCOLATERIA LA OVEJITA,MORALEDA,599,-,76147192-9,+56 9 90905636,-,SALON DE TE O CAFE
342,AYS…N,COYHAIQUE,COYHAIQUE,COYHAIQUE (P),"Coyhaique, Puerto AysÈn y Laguna San Rafael",RESTAURANT ENTRE AMIGOS,"KM 8, CAMINO A BALMACEDA COYHAIQUE",S/N,-,76146695-k,-,-,RESTAURANTE
343,AYS…N,COYHAIQUE,COYHAIQUE,COYHAIQUE (P),"Coyhaique, Puerto AysÈn y Laguna San Rafael",TAMANGO RESTAURANT,ARTURO PRAT,176,-,76139760-5,96400688,WWW.TAMANGO.CL,RESTAURANTE
344,AYS…N,AYS…N,AYS…N,PUERTO AYS…N (P),"Coyhaique, Puerto AysÈn y Laguna San Rafael",Hospedaje Mar Clara,Caupolican,970,-,6267539-k,-,-,RESTAURANTE
345,AYS…N,AYS…N,AYS…N,PUERTO AYS…N (P),"Coyhaique, Puerto AysÈn y Laguna San Rafael",Patagonia Green,Avenida Lago Riesco,S/N,A 400 metros del puente Carlos IbaÒez del Campo,76290690-2,67-336796,www.patagoniagreen.cl,RESTAURANTE
346,AYS…N,AYS…N,AYS…N,RÕO DE LOS PALOS,"Coyhaique, Puerto AysÈn y Laguna San Rafael",Quincho La Pancha,Camino Laguna Los Palos Km 7, Km 7 ,-,12492089-2,98878572,-,PICADA
347,AYS…N,AYS…N,CISNES,LA JUNTA,Ruta Austral y Parque Nacional Queulat,Espacio y Tiempo - Hotel de MontaÒa,"Carretera Austral, La Junta",399,-,96635760-6,67-314141,www.espacioytiempo.cl/hotel/,RESTAURANTE
348,AYS…N,AYS…N,CISNES,LA JUNTA,Ruta Austral y Parque Nacional Queulat,rayen,angamos,s/n,-,8727898-0,67-314275,-,RESTAURANTE
349,AYS…N,AYS…N,CISNES,PUYUGUAPI,Ruta Austral y Parque Nacional Queulat,Posada Queulat,Km 192 Carretera Austral,Parque Queulat S/N,-,99586290-5,-,-,COCINERIA
350,AYS…N,CAPIT¡N PRAT,O'HIGGINS,VILLA O'HIGGINS,-,Restaurant y CabaÒas Entre Patagones,Carretera Austral Casa 1,S/N,Villa O'Higgins (Acceso norte),13391153-7,73872481,-,RESTAURANTE
351,AYS…N,CAPIT¡N PRAT,O'HIGGINS,VILLA O'HIGGINS,-,SAN GABRIEL,LAGO O'HIGGINS,S/N,-,9100657-k,67-431878,-,RESTAURANTE
352,AYS…N,GENERAL CARRERA,CHILE CHICO,CHILE CHICO,-,El Che'f,Bdo. Ohiggins 333 (gal. Municipal ),Local 10,-,13311596-k,92119856 99 85 12 27,-,COMIDA RAPIDA
353,AYS…N,GENERAL CARRERA,RIO IBA—EZ,CERRO CASTILLO,Lago General Carrera y RÌo Baker,residencial villarrica,bernardo ohiggins,592,-,5114172-5,966560173,-,RESTAURANTE
354,MAGALLANES,MAGALLANES,PUNTA ARENAS,PUNTA ARENAS (P),Punta Arenas y Estrecho de Magallanes,La Marmita,Plaza Francisco Sampaio,678,-,8668073-4,222056,-,RESTAURANTE
355,MAGALLANES,TIERRA DEL FUEGO,PORVENIR,PORVENIR,Tierra del Fuego,LA OVEJA PERDIDA,VARADERO - BAHÕA CHILOTA,1,-,10654576-6,580833,-,FUENTE DE SODA
356,MAGALLANES,TIERRA DEL FUEGO,PORVENIR,PORVENIR,Tierra del Fuego,patagonia,manuel seÒoret,688,061-581802/09-99993431/09-91607858,8286252-8,061-581802,-,RESTAURANTE
357,MAGALLANES,TIERRA DEL FUEGO,PORVENIR,PORVENIR,Tierra del Fuego,RESTAURANTE HOTEL ESPA—A,CROACIA,699,-,4914465-2,(56-61) 580160,-,RESTAURANTE
358,MAGALLANES,TIERRA DEL FUEGO,PRIMAVERA,CERRO SOMBRERO,-,GASTRONOMIA ARTE EN CASA,JUAN FIERRO,461,-,7494536-8,(56-61) 345023,-,RESTAURANTE
359,MAGALLANES,TIERRA DEL FUEGO,PRIMAVERA,CERRO SOMBRERO,-,RESTAURANT EL ESFUERZO,CALLE NUEVA,2,-,6152384-7,(56-9) 71418128,-,RESTAURANTE
360,MAGALLANES,TIERRA DEL FUEGO,PRIMAVERA,CERRO SOMBRERO,-,RESTAURANT VIENTOS DE LA PATAGONIA,BERNARDO O,S/N,-,17238922-8,90158173,-,RESTAURANTE
361,METROPOLITANA DE SANTIAGO,SANTIAGO,SANTIAGO,METR”POLI DE SANTIAGO (P),-,cafe mundo,plaza manuel rodriguez,2159,abdon cifuentes 284,76199733-5,74796770,www.elcafe.cl,RESTAURANTE
362,METROPOLITANA DE SANTIAGO,SANTIAGO,SANTIAGO,METR”POLI DE SANTIAGO (P),-,EUROHAPPY CLUB,Maturana,516,-,76974850-4,7 - 5388 8351,www.eurohappy.cl,BAR
363,METROPOLITANA DE SANTIAGO,SANTIAGO,SANTIAGO,METR”POLI DE SANTIAGO (P),-,La Antigua Bodeguita,Miraflores,282,Barrio Bellas Artes Santiago Centro ,9022256-2,6337508,www.laantiguabodeguita.cl,RESTAURANTE
364,METROPOLITANA DE SANTIAGO,SANTIAGO,SANTIAGO,METR”POLI DE SANTIAGO (P),-,LA CASONA,MORANDE,538,-,76165553-1,6993783,www.lascarnesdemorande.cl,RESTAURANTE
365,METROPOLITANA DE SANTIAGO,SANTIAGO,SANTIAGO,METR”POLI DE SANTIAGO (P),-,LA CASONA DE CATEDRAL LTDA.,CATEDRAL,2227,-,76144911-7,6885578,www.lacasonadecatedral.com,RESTAURANTE
366,METROPOLITANA DE SANTIAGO,SANTIAGO,SANTIAGO,METR”POLI DE SANTIAGO (P),-,LA CEBOLLA,SANTO DOMINGO,2222,-,76237802-7,6972438,www.lacebolla.cl,RESTAURANTE
367,METROPOLITANA DE SANTIAGO,SANTIAGO,SANTIAGO,METR”POLI DE SANTIAGO (P),-,LA FUENTE OFICIAL,PASEO BULNES,72,-,76174095-4,6879646,www.lafuenteoficial.cl,RESTAURANTE
368,METROPOLITANA DE SANTIAGO,SANTIAGO,SANTIAGO,METR”POLI DE SANTIAGO (P),-,Los Corrales,Paseo Tenderini,171,2∫ piso,76150363-4,6327933,www.loscorrales.cl,RESTAURANTE
369,METROPOLITANA DE SANTIAGO,SANTIAGO,SANTIAGO,METR”POLI DE SANTIAGO (P),-,RESTAURANT DIECIOCHO,LIB. BDO. O'HIGGINS,1653,-,76057296-9,6886514,-,RESTAURANTE
370,METROPOLITANA DE SANTIAGO,SANTIAGO,SANTIAGO,METR”POLI DE SANTIAGO (P),-,RESTAURANT OCEAN PACIFIC'S,RICARDO CUMMING,221,-,76071429-1,94796009,www.oceanpacifics.cl,RESTAURANTE
371,METROPOLITANA DE SANTIAGO,SANTIAGO,SANTIAGO,METR”POLI DE SANTIAGO (P),-,RESTAURANT PANDA JUNIOR,AVENIDA PORTUGAL,198,---,76094913-2,634 5079,www.pandajunior.cl,RESTAURANTE
372,METROPOLITANA DE SANTIAGO,SANTIAGO,SANTIAGO,METR”POLI DE SANTIAGO (P),-,RESTO BAR GOODRIKNS,AGUSTINAS,2027,-,14678238-8,94187702,-,RESTAURANTE
373,METROPOLITANA DE SANTIAGO,SANTIAGO,SANTIAGO,METR”POLI DE SANTIAGO (P),-,world wide chile ltda,estados unidos,367,-,76080995-0,78095207,www.worldwidechile.com,RESTAURANTE
374,METROPOLITANA DE SANTIAGO,CORDILLERA,PIRQUE,PIRQUE,-,Tesoros de Chile Restaurant,Avenida Concha y Toro,2310,-,76149861-4,(02) 849 5968,www.tesorosdechile.cl,RESTAURANTE
375,METROPOLITANA DE SANTIAGO,CORDILLERA,PIRQUE,SANTA RITA (P),-,LA CALMA DE RITA,Maximo Valdes Fontecilla,2672,-,76046991-2,8556704,www.lacalmaderita.cl,RESTAURANTE
376,METROPOLITANA DE SANTIAGO,CORDILLERA,SAN JOSE DE MAIPO,SAN ALFONSO (P),CajÛn del Maipo,LA BELLA DURMIENTE,LOS MAITENES,107-115,-,77242340-3,(02)8611525,www.labelladurmiente.cl,RESTAURANTE
377,METROPOLITANA DE SANTIAGO,CORDILLERA,SAN JOSE DE MAIPO,LO VALD…S,CajÛn del Maipo,refugio lo valdes,camino a El Voc·n s/n,S/N,-,76240540-7,-,-,RESTAURANTE
378,METROPOLITANA DE SANTIAGO,MELIPILLA,MELIPILLA,POPETA (P),Pomaire y Valle del Maipo,EL OASIS DE PALMIRA,RUTA G-60 KM 17 1/2,S/N,-,3040918-3,02-6963181,-,RESTAURANTE
379,METROPOLITANA DE SANTIAGO,SANTIAGO,PROVIDENCIA,METR”POLI DE SANTIAGO (P),-,Billy Boy's,Providencia,2358,-,76092878-k,-,www.billyboys.cl,COMIDA RAPIDA
380,METROPOLITANA DE SANTIAGO,SANTIAGO,PROVIDENCIA,METR”POLI DE SANTIAGO (P),-,IL PASO,Gral: Holley,105,-,8958923-1,2340890,-,FUENTE DE SODA
381,METROPOLITANA DE SANTIAGO,SANTIAGO,PROVIDENCIA,METR”POLI DE SANTIAGO (P),-,La Biferia,Av. Pedro de Valdivia,65,-,76080326-k,2314677,www.labiferia.cl,RESTAURANTE
382,METROPOLITANA DE SANTIAGO,SANTIAGO,PROVIDENCIA,METR”POLI DE SANTIAGO (P),-,La Taverna de La Termita,Gral. Holley,105,-,9834662-7,2340890,-,RESTAURANTE
383,METROPOLITANA DE SANTIAGO,SANTIAGO,PROVIDENCIA,METR”POLI DE SANTIAGO (P),-,Le Boudoir,Constitucion,97,-,76105711-1,7517 6873,-,RESTAURANTE
384,METROPOLITANA DE SANTIAGO,SANTIAGO,PROVIDENCIA,METR”POLI DE SANTIAGO (P),-,santeria,antonia lope de bello,118,CHUCRE MANZUR 001,76763130-8,99490673,www.santeria.cl,RESTAURANTE
385,METROPOLITANA DE SANTIAGO,SANTIAGO,RECOLETA,METR”POLI DE SANTIAGO (P),-,mancora,santa filomena,91,casona,14630057-k,56027356146,-,RESTAURANTE
386,METROPOLITANA DE SANTIAGO,SANTIAGO,RECOLETA,METR”POLI DE SANTIAGO (P),-,santo secreto,ernesto pinto lagarrigue,123,-,76171192-k,50146877,-,RESTAURANTE
387,LOS RÕOS,VALDIVIA,VALDIVIA,VALDIVIA (P),Valdivia,LA CERVECERÕA KUNSTMANN,Ruta T 350,950,-,77051330-8,292969,www.lacerveceria.cl,RESTAURANTE
388,LOS RÕOS,VALDIVIA,VALDIVIA,VALDIVIA (P),Valdivia,RESTAURANT ZU HAUSE,BUERAS,219,-,13320496-2,63-520707 - 63-432770 - 09-83440404,-,RESTAURANTE
389,LOS RÕOS,VALDIVIA,VALDIVIA,NIEBLA,Valdivia,TILAPIA RESTAURANTE,ANTONIO DUCCE,875,-,76094292-8,63-282808,WWW.TILAPIARESTAURANTE.CL,RESTAURANTE
390,LOS RÕOS,VALDIVIA,PANGUIPULLI,PANGUIPULLI,Lago Panguipulli y Lago Ranco,RESTAURANT ESCUELA PEOPLE HELP PEOPLE,MARTÕNEZ DE ROSAS,772,-,76063201-5,63-310925,www.hotelescuela.cl,RESTAURANTE
391,LOS RÕOS,VALDIVIA,PANGUIPULLI,CO—ARIPE,Lago Panguipulli y Lago Ranco,RESTAURANT ELIZABETH,GUIDO BECK DE RAMBERGA,496,-,8876435-8,63-317279 - 63-317275,-,RESTAURANTE
392,LOS RÕOS,VALDIVIA,PANGUIPULLI,CHOSHUENCO,Lago Panguipulli y Lago Ranco,RESTAURANT RUCAPILLAN,San MartÌn,85,-,6682030-0,63-31820,-,RESTAURANTE
393,LOS RÕOS,RANCO,FUTRONO,LLIF…N,Lago Panguipulli y Lago Ranco,KUME YEAL,LLifen,S/N,-,9070550-4,95610868    66918677,-,COCINERIA
394,LOS RÕOS,RANCO,LAGO RANCO,LAGO RANCO,Lago Puyehue y Osorno,RESTAURANT PHOENIX,VI—A DEL MAR,359,-,6634872-5,-,-,RESTAURANTE
395,LOS RÕOS,RANCO,LAGO RANCO,ILIHUE,Lago Puyehue y Osorno,PARQUE ILIHUE,CAMINO A RI—INAHUE,KM 5.3,-,76012222-k,98482213,www.secretosdelsur.cl,RESTAURANTE
396,ARICA Y PARINACOTA,ARICA,ARICA,ARICA,Arica,ASEFALI,PACIFICO NORTE,480,SECTOR HIPODROMO,10572616-3,(58)472281 - (09)78006584,-,PICADA
397,ARICA Y PARINACOTA,ARICA,ARICA,ARICA,Arica,bar mosto vinoteca,7 de junio,196,-,13411779-6,-,-,BAR
398,ARICA Y PARINACOTA,ARICA,ARICA,ARICA,Arica,barrabas,av. cmdte. san martin,222,-,7646468-5,62071218,-,RESTAURANTE
399,ARICA Y PARINACOTA,ARICA,ARICA,ARICA,Arica,CABALLITO DE MAR,CRISTOBAL COLON,565 (LOCAL 22),LOCAL 22,7704567-8,(58)252570 91284387,-,RESTAURANTE
400,ARICA Y PARINACOTA,ARICA,ARICA,ARICA,Arica,calaveras y diablitos,Franciso bolognesi,357,-,15000849-2,79662460,-,RESTAURANTE
401,ARICA Y PARINACOTA,ARICA,ARICA,ARICA,Arica,DEJA VU,THOMPSON,238,-,14102991-6,62603245,-,PUB
402,ARICA Y PARINACOTA,ARICA,ARICA,ARICA,Arica,Del Valle Salad Bar,bolognesi,340,local 12,13245107-9,68313518,-,RESTAURANTE
403,ARICA Y PARINACOTA,ARICA,ARICA,ARICA,Arica,el dinamico 3.0,21 de mayo,701,-,9941711-0,90028022,-,RESTAURANTE
404,ARICA Y PARINACOTA,ARICA,ARICA,ARICA,Arica,ELIJORDAN EVENTOS,JUNTA DE ADELANTO,F-15,VILLA FRONTERA,7052071-0,(58)311115 94482536,-,PICADA
405,ARICA Y PARINACOTA,ARICA,ARICA,ARICA,Arica,EL MOLINO VIEJO,SAN MARCOS,285,-,7820603-9,77424618,-,RESTAURANTE
406,ARICA Y PARINACOTA,ARICA,ARICA,ARICA,Arica,EL SABOR DEL PERU,GERMAN RIESCO,1969,OTRO,14496408-k,58- 229877,-,RESTAURANTE
407,ARICA Y PARINACOTA,ARICA,ARICA,ARICA,Arica,FASCINADOR,AVENIDA COMANDANTE SAN MARTIN,1020,-,99573310-2,(58) 232745 - 86690078,www.hotelsaintgregory.cl,RESTAURANTE
408,ARICA Y PARINACOTA,ARICA,ARICA,ARICA,Arica,"HELADERIA  ""SUPER""",LA CONCEPCION,3443,-,12607611-8,96820982,-,COCINERIA
409,ARICA Y PARINACOTA,ARICA,ARICA,ARICA,Arica,Lemongrass,18 de Septiembre,2397,Otro,22266183-8,96631855- 327020,-,RESTAURANTE
410,ARICA Y PARINACOTA,ARICA,ARICA,ARICA,Arica,LIVANCOF,18 DE SEPTIEMBRE,182,-,8371152-3,76874339,-,RESTAURANTE
411,ARICA Y PARINACOTA,ARICA,ARICA,ARICA,Arica,Los Adobes de San Marcos,San Marcos,370,-,76128822-9,326970,Los Adobes de San Marcos,RESTAURANTE
412,ARICA Y PARINACOTA,ARICA,ARICA,ARICA,Arica,NAKARI BROASTER,Patricio Lynch,557,-,6818478-9,230323,-,COMIDA RAPIDA
413,ARICA Y PARINACOTA,ARICA,ARICA,ARICA,Arica,PizzerÌa Capodimonte,Caupolic·n,978,Pobl. Maip˙ Oriente,12833419-k,56-58-321094,-,COMIDA RAPIDA
414,ARICA Y PARINACOTA,ARICA,ARICA,ARICA,Arica,Pollos Top 2,MAIPU,333,-,77415860-k,058-253392,-,RESTAURANTE
415,ARICA Y PARINACOTA,ARICA,ARICA,ARICA,Arica,PUB RESTAURANT DE TURISMO DINAMICO,AVENIDA COMANDANTE SAN MARTIN,771,-,4529098-0,62705412,-,RESTAURANTE
416,ARICA Y PARINACOTA,ARICA,ARICA,ARICA,Arica,RASTAURANT CHIFA TAI SHAN,AVENIDA BARROS ARANA,2148,-,15695046-7,97491562,-,RESTAURANTE
417,ARICA Y PARINACOTA,ARICA,ARICA,ARICA,Arica,RESTAURANT ARAKSAYA,Av. General Vel·squez,n∫ 1109,-,76744260-2,58/258202 - 230808,www.hotelelpaso.cl,RESTAURANTE
418,ARICA Y PARINACOTA,ARICA,ARICA,ARICA,Arica,RESTAURANTE DON ESTE,PASAJE SARGENTO COLIPI,3538,-,22611143-3,(58) 210930,-,RESTAURANTE
419,ARICA Y PARINACOTA,ARICA,ARICA,ARICA,Arica,RESTAURANTE EL ARRIERO,21 DE MAYO,385,-,4410630-2,232636,-,RESTAURANTE
420,ARICA Y PARINACOTA,ARICA,ARICA,ARICA,Arica,RESTAURANTE GOVINDA,SOTOMAYOR,251,-,15564155-k,058-230625,-,RESTAURANTE
421,ARICA Y PARINACOTA,ARICA,ARICA,ARICA,Arica,Restaurante Imperio,Ginebra,3862,-,9802050-0,(09) 98779012,-,RESTAURANTE
422,ARICA Y PARINACOTA,ARICA,ARICA,ARICA,Arica,RESTAURANTE KIMSACHATA,AVENIDA DIEGO PORTALES,1889,-,14604956-7,93470485,-,RESTAURANTE
423,ARICA Y PARINACOTA,ARICA,ARICA,ARICA,Arica,Restaurant Lunch,Ginebra,3645,-,4759561-4,213928,-,RESTAURANTE
424,ARICA Y PARINACOTA,ARICA,ARICA,ARICA,Arica,restaurant oveja negra arica,avenida diego portales,2372,-,5154781-0,96826197,-,RESTAURANTE
425,ARICA Y PARINACOTA,ARICA,ARICA,ARICA,Arica,Restaurant Shanghai,Maip˙,534,-,82235200-6,231955,-,RESTAURANTE
426,ARICA Y PARINACOTA,ARICA,ARICA,ARICA,Arica,Restaurant Waikiki,Raul Pey,2494,-,14709497-3,322541,-,RESTAURANTE
427,ARICA Y PARINACOTA,ARICA,ARICA,ARICA,Arica,Rico Natural,Maip˙,467,-,7718730-8,(58) 314729,-,SALON DE TE O CAFE
428,ARICA Y PARINACOTA,ARICA,ARICA,ARICA,Arica,Varo¥s Restobar,Avda. comandante San MartÌn,693,Playa La Lisera,15979197-1,78132192,-,RESTAURANTE
429,ARICA Y PARINACOTA,ARICA,ARICA,ARICA,Arica,Vinilos,chapiquiÒa,2527,-,76052063-2,78460171,-,RESTAURANTE
430,ARICA Y PARINACOTA,ARICA,ARICA,ARICA,Arica,ZUMERIA,SOTOMAYOR,193,-,76085385-2,(58)251587,-,RESTAURANTE
431,ARICA Y PARINACOTA,ARICA,ARICA,VALLE DE AZAPA,Arica,I SAPORI DI GINA,SENADOR HUMBERTO PALZA EX CAMINO AZAPA 5790,6013,-,76232360-5,058 314014,www.patriziaviaggi.cl,RESTAURANTE
432,ARICA Y PARINACOTA,ARICA,ARICA,PLAYA CORAZONES,Arica,OstiÛn Dorado,sector sur,s/n,-,6105553-3,-,-,RESTAURANTE
433,ARICA Y PARINACOTA,ARICA,ARICA,VALLE DE LLUTA (P),Arica,38 y medio restaurant,Km 38 1/2 Valle de Lluta,S/N,-,76777410-9,02 196 0017,-,RESTAURANTE
434,ARICA Y PARINACOTA,ARICA,ARICA,VALLE DE LLUTA (P),Arica,Rancho Benny,"Valle de Lluta. km 27, parcela 2 villorrio Purochile",S/N,-,5862784-4,-,-,RESTAURANTE
435,ARICA Y PARINACOTA,ARICA,ARICA,VALLE DE LLUTA (P),Arica,RANCHO DON ALEJO,CARRETERA BIOCEANICA KM 10 1/2,ASIENDA BUENAVENTURA,-,9460551-2,95096461,-,RESTAURANTE
436,ARICA Y PARINACOTA,ARICA,CAMARONES,CODPA,-,Restaurante DoÒa Fely,Calle 7 de Junio,S/N,Local,5262603-k,58-220124    Cel:93582586,-,RESTAURANTE
437,ARICA Y PARINACOTA,ARICA,CAMARONES,CODPA,-,TRADICION CODPE—A,LOS CATEADORES,S/N PUEBLO DE CODPA,-,7284072-0,95512550 - (58)312008,-,RESTAURANTE
438,ARICA Y PARINACOTA,PARINACOTA,PUTRE,PUTRE,Parque Nacional Lauca y Putre,CANTAVERDI PUTRE,CALLE ARTURO PEREZ CANTO,339,-,51090210-6,85127200,www.cantaverdiputre.cl,RESTAURANTE
439,ARICA Y PARINACOTA,PARINACOTA,PUTRE,PUTRE,Parque Nacional Lauca y Putre,RESTAURANT ROSAMEL,LATORRE,400-C,-C,6603328-7,83421001,-,RESTAURANTE
440,ARICA Y PARINACOTA,PARINACOTA,PUTRE,PARINACOTA,Parque Nacional Lauca y Putre,UTA KALA DE DON LEO,Pueblo de Parinacota,S/N,-,7721056-3,(58)261526  (02)1960666  (09)6580214,-,RESTAURANTE
441,ARICA Y PARINACOTA,PARINACOTA,PUTRE,SOCOROMA,Parque Nacional Lauca y Putre,RESTAURANT TIA EMILIA,CASI—UBE,6,-,3885806-8,-,-,RESTAURANTE
